spotify_id,pais_codigo,fecha_snapshot,ranking_diario,movimiento_diario,movimiento_semanal
34eKUydsaj9GeMTT1ybutO,ZA,2024-11-11,1,0,0
21fhgH4tjYcAKzkzCuYyr6,ZA,2024-11-11,2,0,0
567NwM1L86vGvZwiZfCsMo,ZA,2024-11-11,3,1,0
7MD8gswt08VhFwVF1PR8Mg,ZA,2024-11-11,4,30,46
2ZdiSdC1ElfhEsFanMlpdO,ZA,2024-11-11,5,-2,-1
7hO6BIPeHb0Y5v9bgXoxKg,ZA,2024-11-11,6,0,1
6COIIA7XjaExDj4fkCqaB9,ZA,2024-11-11,7,7,1
3jTedBPHIIr48xoJchYHNH,ZA,2024-11-11,8,4,1
0dI8174H04ATp4iEw0WkrT,ZA,2024-11-11,9,0,3
0NLRYW9HyqHcbyzfAwskKN,ZA,2024-11-11,10,0,-5
7of6lpTmDwVshVQ7kcQxYo,ZA,2024-11-11,11,-4,-5
3H8XWGDteOl8nmUqeYrHw5,ZA,2024-11-11,12,-4,2
03el79rU07nAtJYgX1v62f,ZA,2024-11-11,13,0,-3
1DyNpDv4M8qBTthYIAPvqW,ZA,2024-11-11,14,-9,-3
6eyJuobFFGXLAOOkxrIdSV,ZA,2024-11-11,15,-4,3
1gM44tVZ9pfUe9v35Stp31,ZA,2024-11-11,16,0,-3
0X5qaCnHN98ELiqincjJwg,ZA,2024-11-11,17,0,-2
0Xc5lXQ1Q1NxGyL7SSXnF9,ZA,2024-11-11,18,0,-2
4QFMdUKVMmKgH6masoIVNr,ZA,2024-11-11,19,0,9
4zZxynw8cwhCRlDl9pay2f,ZA,2024-11-11,20,0,1
7JbLSEDlRdoJaXk5ddZae2,ZA,2024-11-11,21,4,-2
0cnbEf12FLBWx9QnBlw1EL,ZA,2024-11-11,22,1,-2
2pdid5w8VxdgMmYlp7r17z,ZA,2024-11-11,23,1,-6
1AXW0WnNUceegJHGl3HWlJ,ZA,2024-11-11,24,-9,26
6dOtVTDdiauQNBQEDOtlAB,ZA,2024-11-11,25,-3,4
3mWu4sw2LsmNX4UBfhrvC1,ZA,2024-11-11,26,3,-4
3bqCtq5RcPzULlyqkFGVJ7,ZA,2024-11-11,27,3,-4
1KpHX3zexEHvYTw0dSyfgF,ZA,2024-11-11,28,-1,-4
1S1K6RxkEkm9a9op800QEk,ZA,2024-11-11,29,8,6
5DqA8IUhk1DQSGmf6XOVrI,ZA,2024-11-11,30,2,-3
20QQlFhbWCkMJ6WhC4G2X8,ZA,2024-11-11,31,5,-6
3QaPy1KgI7nu9FJEQUgn6h,ZA,2024-11-11,32,3,14
2plbrEY59IikOBgBGLjaoe,ZA,2024-11-11,33,0,10
79r4mAwHBAB1x5QnImlUM6,ZA,2024-11-11,34,-6,-2
6Kijtp0DB6VwcoJIw7PJ9W,ZA,2024-11-11,35,8,-2
4QpVAEqq1gKIyUlEVLobAn,ZA,2024-11-11,36,14,14
3Aw4XtR8BopVdvJ1dGnevM,ZA,2024-11-11,37,13,-3
0UCv4K0MMGf7OLKAcKYFwR,ZA,2024-11-11,38,10,9
3E1PwVodPiDbBHOI85CO9M,ZA,2024-11-11,39,6,-8
2HiHffF7XArCZDDn5VNUGM,ZA,2024-11-11,40,6,1
0nW9PrcihaknNnldmEx08O,ZA,2024-11-11,41,0,-11
2Oe52Ggx8lxxI55azZbr5h,ZA,2024-11-11,42,5,-16
40zr1pQlSaIWUYyR8APyy2,ZA,2024-11-11,43,7,-3
4wU6xUwAgFnMwjMlxLevHb,ZA,2024-11-11,44,6,5
0WowHKVNsbEBaPLZbB4Zmj,ZA,2024-11-11,45,5,-9
5W6KyyrmTImJK4vGsnfQuZ,ZA,2024-11-11,46,4,-8
6nzdbRzlTopbYwutzoakvI,ZA,2024-11-11,47,3,-2
1z9cFQp5CGOAsACK2IWzCG,ZA,2024-11-11,48,-8,-4
219UdZ1b9vuUe45FK2JeWx,ZA,2024-11-11,49,-10,-7
6ZiPVgBrULcpN0n9qQ3XO4,ZA,2024-11-11,50,0,0
7ne4VBA60CxGM75vw0EYad,US,2024-11-11,1,0,5
2plbrEY59IikOBgBGLjaoe,US,2024-11-11,2,1,1
1QoyuMHNBe7lg3YW4Qtll4,US,2024-11-11,3,-1,-2
6dOtVTDdiauQNBQEDOtlAB,US,2024-11-11,4,2,3
2262bWmqomIaJXwCRHr13j,US,2024-11-11,5,0,6
3tFed7YsjGnIfxeLEQwx3R,US,2024-11-11,6,-2,-4
5G2f63n7IPVPPjfNIGih7Q,US,2024-11-11,7,0,1
5vNRhkKd0yEAg8suGBpjeY,US,2024-11-11,8,0,1
0WbMK4wrZ1wFSty9F7FCgu,US,2024-11-11,9,0,4
7tI8dRuH2Yc6RuoTjxo4dU,US,2024-11-11,10,3,5
2HRqTpkrJO5ggZyyK6NPWz,US,2024-11-11,11,7,5
1Es7AUAhQvapIcoh3qMKDL,US,2024-11-11,12,2,5
5fZJQrFKWQLb7FpJXZ1g7K,US,2024-11-11,13,8,6
0VaeksJaXy5R1nvcTMh3Xk,US,2024-11-11,14,-2,-10
5IZXB5IKAD2qlvTPJYDCFB,US,2024-11-11,15,8,3
5RePVWy39tLpHH0WwXgBsK,US,2024-11-11,16,-1,-11
3QaPy1KgI7nu9FJEQUgn6h,US,2024-11-11,17,0,12
7hR22TOX3RorxJPcsz5Wbo,US,2024-11-11,18,2,2
4xdBrk0nFZaP54vvZj0yx7,US,2024-11-11,19,5,5
1cOboCuWYI2osTOfolMRS6,US,2024-11-11,20,2,2
6jbYpRPTEFl1HFKHk1IC0m,US,2024-11-11,21,-5,-9
51rfRCiUSvxXlCSCfIztBy,US,2024-11-11,22,-3,9
2tHwzyyOLoWSFqYNjeVMzj,US,2024-11-11,23,2,0
1k2pQc5i348DCHwbn5KTdc,US,2024-11-11,24,4,14
1UHS8Rf6h5Ar3CDWRd3wjF,US,2024-11-11,25,2,2
3xkHsmpQCBMytMJNiDf3Ii,US,2024-11-11,26,3,6
17phhZDn6oGtzMe56NuWvj,US,2024-11-11,27,4,7
4KULAymBBJcPRpk1yO4dOG,US,2024-11-11,28,4,9
4CcozggmhXmndssEDH6YHR,US,2024-11-11,29,-19,21
2aYHxnMF2umAavtgBvmkY1,US,2024-11-11,30,-4,-16
4CD5aJNhq5fGYu3QaHJrm8,US,2024-11-11,31,-20,19
0mflMxspEfB0VbI1kyLiAv,US,2024-11-11,32,4,9
7KA4W4McWYRpgf0fWsJZWB,US,2024-11-11,33,0,-12
6AI3ezQ4o3HUoP6Dhudph3,US,2024-11-11,34,3,1
2QjOHCTQ1Jl3zawyYOpxh6,US,2024-11-11,35,-1,1
1YdtGoSYDvVQKoUqSDXX41,US,2024-11-11,36,-6,-26
3WMj8moIAXJhHsyLaqIIHI,US,2024-11-11,37,2,6
4ZJ4vzLQekI0WntDbanNC7,US,2024-11-11,38,0,6
0bYg9bo50gSsH3LtXe2SQn,US,2024-11-11,39,11,11
3siwsiaEoU4Kuuc9WKMUy5,US,2024-11-11,40,-5,9
5AJ9hqTS2wcFQCELCFRO7A,US,2024-11-11,41,3,-1
1XBYiRV30ykHw5f4wm6qEn,US,2024-11-11,42,-2,4
21B4gaTWnTkuSh77iWEXdS,US,2024-11-11,43,-2,-1
76JKIsdKrAfWUMjaA0u7v5,US,2024-11-11,44,6,6
5lKFO0PrOC9jmOlPEdjHsL,US,2024-11-11,45,1,5
42VsgItocQwOQC3XWZ8JNA,US,2024-11-11,46,4,1
2Dct3GykKZ58hpWRFfe2Qd,US,2024-11-11,47,2,3
06qMRF18gwbOYYbnP2du6i,US,2024-11-11,48,2,2
7fveJ3pk1eSfxBdVkzdXZ0,US,2024-11-11,49,1,-1
6EUcP55GlbmsmCzfL2vxtZ,US,2024-11-11,50,0,0
3nNKws5aNnTa3tgQOIS5Sk,UA,2024-11-11,1,0,0
1ZbtwhtxORZcaSh5VKjeXJ,UA,2024-11-11,2,0,0
11gTRcdz4wK32fghA2vrX7,UA,2024-11-11,3,0,2
2C49T3wEyWTmndwj8l9JmU,UA,2024-11-11,4,0,46
6zECxDYlNtEybq8hZ9Tp12,UA,2024-11-11,5,15,45
23cpg22rXsND2u3ElYxQdj,UA,2024-11-11,6,0,-3
2k1bI9pRGnUQZWhr3NmJBx,UA,2024-11-11,7,-2,0
7Bz3CO5CyU4GAPke4UNPhc,UA,2024-11-11,8,-1,1
5vNRhkKd0yEAg8suGBpjeY,UA,2024-11-11,9,-1,-3
6vIOPzEgSzf0nv7nKutxlz,UA,2024-11-11,10,13,40
1GUQJU4M76atFmI5Yu9I8i,UA,2024-11-11,11,4,2
2CKbBBLXXWqTopO1vvS8y1,UA,2024-11-11,12,0,-2
6bCLkzoE3agC7Ws9NxVxIn,UA,2024-11-11,13,0,5
2pyjr4JKVkG03LmWBIusur,UA,2024-11-11,14,0,-3
3JG1uFc40wfyrqaWC7iv0e,UA,2024-11-11,15,-5,-3
0xGQTpN4ESETtl1Sp6rzd2,UA,2024-11-11,16,-7,-12
61BaxM1NIcadLu3gtWm2uT,UA,2024-11-11,17,-6,-2
12TC6zACzfx6ey8ZAP6R3y,UA,2024-11-11,18,1,-4
2tSOz2c3qqs8jOdlyMvHww,UA,2024-11-11,19,-3,-11
1hPQtiP5RYlYrS3t8AjrlK,UA,2024-11-11,20,-3,-4
12LGZ1axDaBCZGDlvZ9Hnl,UA,2024-11-11,21,6,-2
2xEFfGz4j5UpL2FNEhVI81,UA,2024-11-11,22,-1,6
2plbrEY59IikOBgBGLjaoe,UA,2024-11-11,23,-1,6
6ndFi9TM9YWGLktQgS7Q9M,UA,2024-11-11,24,-6,-3
7IBqHkoP94VrgYKVns4eNz,UA,2024-11-11,25,1,-8
7ojBwkKhmZzXDjrqwfLH26,UA,2024-11-11,26,2,7
4GNVBarJ82ABAYZyPYwinT,UA,2024-11-11,27,-3,3
0IsIY8pfu1yaGkPUD7pkDx,UA,2024-11-11,28,2,-2
2QjOHCTQ1Jl3zawyYOpxh6,UA,2024-11-11,29,-4,-9
5UW6yvwo3nVA609NgprdhK,UA,2024-11-11,30,-1,8
0vByMmR3Y8MBorEEE5Pmie,UA,2024-11-11,31,4,8
2bqS0QtnXGjOYs3z6VtSyW,UA,2024-11-11,32,1,-9
2WeoEwj67HCAR2QULKnql6,UA,2024-11-11,33,5,-11
6iNsAoVPOnC2ikhnNygKQM,UA,2024-11-11,34,2,10
1GpsHzQa7FEHInzmtALUk9,UA,2024-11-11,35,-4,-4
75LJxqoSy5MSM2xCFzQp8F,UA,2024-11-11,36,4,5
7biChppM3c8q7qcVl7ceb2,UA,2024-11-11,37,-5,-2
7DJHeuuTpNjXLu25zCADhQ,UA,2024-11-11,38,-1,-13
41hRWgoaw67f4VGMbNSfoZ,UA,2024-11-11,39,2,11
4GBfKfnvmcTcNrlJcV4OLV,UA,2024-11-11,40,-1,-13
26yvlxKTtN2u3mpbl6AIeI,UA,2024-11-11,41,9,9
6gtK39SLszESqJFu2SkId3,UA,2024-11-11,42,-8,-10
1wC8M93ofAwfrV9a4mDzYa,UA,2024-11-11,43,1,5
4CrtgDoRlrafpZxowRGwyN,UA,2024-11-11,44,6,6
4Q6eUXtjd9sbzP2orZY6x0,UA,2024-11-11,45,4,-11
1HL5Kg5Yj5hdGM3opX1Ech,UA,2024-11-11,46,-4,4
5XeFesFbtLpXzIVDNQP22n,UA,2024-11-11,47,-1,-10
0NYvacFqoJdJggiOynzbur,UA,2024-11-11,48,-3,-5
2HRqTpkrJO5ggZyyK6NPWz,UA,2024-11-11,49,1,0
1Es7AUAhQvapIcoh3qMKDL,UA,2024-11-11,50,-2,-8
5vNRhkKd0yEAg8suGBpjeY,TW,2024-11-11,1,0,0
2N0SPREDYqILVEFSsWF5N5,TW,2024-11-11,2,0,0
7tI8dRuH2Yc6RuoTjxo4dU,TW,2024-11-11,3,0,0
198zDKzyktXRG1PGpidY9h,TW,2024-11-11,4,0,5
3coRPMnFg2dJcPu5RMloa9,TW,2024-11-11,5,1,45
0PBTlQ84CBJF0tBnKGmQa6,TW,2024-11-11,6,-1,-1
2CspwnypzT7rcWI9RfsoSb,TW,2024-11-11,7,0,-1
2plbrEY59IikOBgBGLjaoe,TW,2024-11-11,8,0,-1
5sjnkOfTLCLNfkkchI2re2,TW,2024-11-11,9,1,-1
30slz6D2PtbwDimGJaEVsH,TW,2024-11-11,10,1,1
0cOMncRq4cmDLO4tPQnkBF,TW,2024-11-11,11,5,39
6dOtVTDdiauQNBQEDOtlAB,TW,2024-11-11,12,1,3
1NoDTQhJsrd5rnpb6PQthK,TW,2024-11-11,13,1,4
21LtZQQMQYwVIxc9O9Ygq8,TW,2024-11-11,14,-2,-4
5h1BN75CEh8wdSwE1xrbSe,TW,2024-11-11,15,-6,-3
2Ti4DCTo6Ag7QvaYex8A8B,TW,2024-11-11,16,1,6
4XsJiRJQAK8TWcZCn0Dxlh,TW,2024-11-11,17,-2,-3
6GyUt7yJ0sOktc5HjvVnFh,TW,2024-11-11,18,0,7
1aKvZDoLGkNMxoRYgkckZG,TW,2024-11-11,19,1,-1
2Qcbspnftnon37jibwyvMU,TW,2024-11-11,20,3,-7
5lKnZbdGCBViitE1Ce5TZh,TW,2024-11-11,21,-2,29
6aJn7Cst74cj4lNIiPRgav,TW,2024-11-11,22,0,4
6b6KXDbDn0s0Jepxm8a3nr,TW,2024-11-11,23,-2,-2
580BvW3DyUNoYFgQgoD2GI,TW,2024-11-11,24,1,0
2ASWo8MTESnHQhJhpMSPbF,TW,2024-11-11,25,1,3
5pIcwtJYNJx93l420oR2Vm,TW,2024-11-11,26,4,24
3yDRcs0Y4pPzkvMbUfeF9H,TW,2024-11-11,27,-3,-8
5HVq8nS0pbM6G7YK8M7DY4,TW,2024-11-11,28,-1,-1
2DbDefRFJ5YOfXCKOeCJJh,TW,2024-11-11,29,0,21
4b2fMv44GAYpsDSK4ihbsI,TW,2024-11-11,30,-2,20
4kmr3vOJq52QS7WUh3aRyc,TW,2024-11-11,31,1,19
2VEt42QSQxILgEf9B50xxm,TW,2024-11-11,32,2,-3
1AtFSBJibfaqfiOByQCwZ5,TW,2024-11-11,33,0,4
2HRqTpkrJO5ggZyyK6NPWz,TW,2024-11-11,34,3,-1
4gxEY3Mh5FZZDAJAKPNrCS,TW,2024-11-11,35,-4,-3
4JBZuPALOvU2PC8E7t02vY,TW,2024-11-11,36,-1,0
1IS0WFyiVpwsATeSzjEvpI,TW,2024-11-11,37,-1,13
3V2v19gDm4rmRkMwcgS4X2,TW,2024-11-11,38,1,1
2HRgqmZQC0MC7GeNuDIXHN,TW,2024-11-11,39,1,-5
5AH31dDNgxCMGDdxubNNn4,TW,2024-11-11,40,10,10
1SS0WlKhJewviwEDZ6dWj0,TW,2024-11-11,41,1,-1
3I2OBA3kKdbDYzFAkDuc81,TW,2024-11-11,42,-4,-12
7fAdinC2UTc0Y9GiKrkTtu,TW,2024-11-11,43,-2,-2
5G2f63n7IPVPPjfNIGih7Q,TW,2024-11-11,44,0,-2
294hRgOqnGW2BemqP8D35X,TW,2024-11-11,45,0,2
38tXZcL1gZRfbqfOG0VMTH,TW,2024-11-11,46,-3,0
0KKkJNfGyhkQ5aFogxQAPU,TW,2024-11-11,47,3,3
52yAKumXlqPjUsIBlmiMvo,TW,2024-11-11,48,2,2
57w29bSwdIZ6gr6xXOqwc1,TW,2024-11-11,49,-3,1
1njlnn8ZKHI77Pe9szIONR,TW,2024-11-11,50,-1,-12
1lNcnIU4jtqD69Qtfjh8EJ,TR,2024-11-11,1,0,0
7FfdTwI2i0b5PNeNvqtqCY,TR,2024-11-11,2,0,1
1UIznGFIwNUKUza5kJ9f2G,TR,2024-11-11,3,0,47
0K791kh3oLkBD5KVWg1LJ8,TR,2024-11-11,4,0,0
3ff93VTp2DBbNnDEsAW8Cm,TR,2024-11-11,5,0,0
2X4NUYZN0ylbM41ADKYv1X,TR,2024-11-11,6,0,0
5pEpvR03HbLxkBtK73EeJw,TR,2024-11-11,7,0,2
2SVoUZdzxuDuxBdHSO73KF,TR,2024-11-11,8,0,-1
0osZ5jmtTtHJt8pPz6RL2N,TR,2024-11-11,9,4,8
38d47UiHhyu4wdbPYz0ZUB,TR,2024-11-11,10,0,0
57w7FOfLpXZ9GWlAooYrSK,TR,2024-11-11,11,1,2
1RI3YE0BqwN2Fd6Ej0gTqW,TR,2024-11-11,12,3,3
3ma4Ef3Bnl3UBOV4ShiMLX,TR,2024-11-11,13,-4,-2
4E10qEzOmTIVmrg6Wz2RHj,TR,2024-11-11,14,0,4
5VykLQtjCYF6qFq59HbUg9,TR,2024-11-11,15,-4,-7
4HuB9A0O1XwmwTVtTgODm8,TR,2024-11-11,16,1,8
28Aau4tlztDlgKJQXrWhZR,TR,2024-11-11,17,4,2
0mSFwDtiAPPNwBOSFnI3G5,TR,2024-11-11,18,0,-4
4v8LZr4pYJFo3lnB5BJBAc,TR,2024-11-11,19,31,-3
1kfXupjpLLLwSkzebqZT2X,TR,2024-11-11,20,-1,2
3Lpeu0zbUXY1WfoGy1vEuh,TR,2024-11-11,21,1,5
2ugG3itPOpM9IANApt473B,TR,2024-11-11,22,1,-1
6dQJfND64RJy6xJQMsc3ij,TR,2024-11-11,23,5,0
7JVUP1J9urt49OdiFbWGeZ,TR,2024-11-11,24,0,9
36SKXwHlE1zYin3xwPRDnU,TR,2024-11-11,25,-5,-5
4mwKj8jNSq8eTp3ylpcBAE,TR,2024-11-11,26,3,2
1JcYQfCTP7qXC4F8AO0h9W,TR,2024-11-11,27,3,5
0QuKutgaaa0Q1WUZEnrZ93,TR,2024-11-11,28,-1,7
5RZH849e1ZWa2qeVz6O3mK,TR,2024-11-11,29,-3,-17
1f9X5YDmXDxyIwhzB06JJd,TR,2024-11-11,30,5,-3
5XQ1eD5Esz1CzdjH9bzbzn,TR,2024-11-11,31,-6,-6
2CZzw0He9fzyi2FkBkn4Bk,TR,2024-11-11,32,0,-1
1TxvnXbTRmYwtlkFEn8Rpb,TR,2024-11-11,33,12,6
300xFtOH49F80uB7BSAsEf,TR,2024-11-11,34,7,-4
3ZwRkdnTb4az8X5n4WXuHA,TR,2024-11-11,35,-4,-6
6naElV4AFSUQfwb84K7TB4,TR,2024-11-11,36,-3,14
1PiyTtoNn0m4kfJWLfjHny,TR,2024-11-11,37,-3,0
2j7M9A1Ko4LHi46sAmgLSF,TR,2024-11-11,38,-2,5
4CDY8eGMrkQjyOTkvsXiq0,TR,2024-11-11,39,1,2
1ppnRAPv8zJjrNy4TW5w7M,TR,2024-11-11,40,9,8
6Abw6zEw0EbfFC6OJob4Ph,TR,2024-11-11,41,-3,-7
6t18CcJVpnFAoWfcZxiZtk,TR,2024-11-11,42,2,8
2up5kUpA2yQb5DtXE8B2WJ,TR,2024-11-11,43,-6,7
4y3QBJf9E8yDJCEFbRK8xk,TR,2024-11-11,44,6,6
0JMJAump4huv3wtiNxRbTx,TR,2024-11-11,45,-6,-1
4tMqaNjQxHsWpYORQ7renT,TR,2024-11-11,46,2,-1
3blRKhNNedjdZFR0b9Wtxw,TR,2024-11-11,47,-1,3
5Y5fFEqazjbtNAgbx9noTF,TR,2024-11-11,48,-5,2
5vNRhkKd0yEAg8suGBpjeY,TR,2024-11-11,49,1,-3
0a56Y5XrlRQ0JYg6jse5QJ,TR,2024-11-11,50,0,0
7tI8dRuH2Yc6RuoTjxo4dU,TH,2024-11-11,1,2,1
3yDRcs0Y4pPzkvMbUfeF9H,TH,2024-11-11,2,0,-1
2N0SPREDYqILVEFSsWF5N5,TH,2024-11-11,3,-2,0
7Cnpb1vBbC46RgVyyKLH7p,TH,2024-11-11,4,46,4
2KslE17cAJNHTsI2MI0jb2,TH,2024-11-11,5,-1,-1
6BN3iFjclJ4teGlmB3fFvo,TH,2024-11-11,6,-1,1
5vNRhkKd0yEAg8suGBpjeY,TH,2024-11-11,7,-1,-2
2Qcbspnftnon37jibwyvMU,TH,2024-11-11,8,-1,-2
2plbrEY59IikOBgBGLjaoe,TH,2024-11-11,9,2,2
7ov3TDp5D00Rnu5R1viX4w,TH,2024-11-11,10,3,0
1MUZitHRpmng5NevrvNx4T,TH,2024-11-11,11,39,2
2CspwnypzT7rcWI9RfsoSb,TH,2024-11-11,12,-2,-3
01qFKNWq73UfEslI0GvumE,TH,2024-11-11,13,-5,-1
3grGyWGWsuIUxA2CudpwAB,TH,2024-11-11,14,2,32
6dOtVTDdiauQNBQEDOtlAB,TH,2024-11-11,15,-1,-1
0cvETHNq3ZkPHdYCqRXhzk,TH,2024-11-11,16,1,-1
4RiudH8RehvLLrk8uNgIdR,TH,2024-11-11,17,-2,-1
2OULHL0yM3KbaHC1vlTffC,TH,2024-11-11,18,0,0
2AdBbeVaEdW731a3FXJAJC,TH,2024-11-11,19,2,12
4kE80JWRissrodmXuo0xYi,TH,2024-11-11,20,-1,-3
4KZRjuldIGTS7AQUPbUvbs,TH,2024-11-11,21,7,6
5jj7yXcilVsZPpyYtmD28X,TH,2024-11-11,22,1,3
2a78JDp7YVCyEydtRiHOn7,TH,2024-11-11,23,-1,-4
6vvPecFTmWxDfEJ6cYT1wa,TH,2024-11-11,24,3,-4
3wyzSQ9rAWjx9vsMQSrLn2,TH,2024-11-11,25,1,4
2HRgqmZQC0MC7GeNuDIXHN,TH,2024-11-11,26,-6,-3
43eS61ezviPc61XDu6tRYR,TH,2024-11-11,27,2,-5
2MuJCv3nCgHYlgOrAvCAT6,TH,2024-11-11,28,-3,-4
56wDFSIa9Tr7zbEXUVMwjP,TH,2024-11-11,29,1,-1
2LJerOY5jSwO5K6OF9Cyuz,TH,2024-11-11,30,1,-4
4UyEA5UP6ducMaV9NiggTr,TH,2024-11-11,31,-7,-10
5QxNmQBXpLPemzpDvsuiLM,TH,2024-11-11,32,0,-2
7jGiXLzchqbDTW7WzSU7a3,TH,2024-11-11,33,0,5
5F4fAhzhdHtaQ8nNqWAufl,TH,2024-11-11,34,3,-2
0mHD9bPUsI3qbKZzMpxXFh,TH,2024-11-11,35,1,-2
28uUXmHx13AZ1nkl57vCwN,TH,2024-11-11,36,-2,4
0Fye2qtgBqOzHxb4cPSjWb,TH,2024-11-11,37,3,-1
5BmF05GWZpmm5JZ5p3yMJr,TH,2024-11-11,38,0,-3
5nvdbRKg9fOixXotcZIQuF,TH,2024-11-11,39,3,-5
1rNYuv63emsYt4Jjv8RlgJ,TH,2024-11-11,40,3,10
0D9lpJts3mXxe0fvovYUFv,TH,2024-11-11,41,-2,1
6JtHYZAi56uJEBc8iihR7j,TH,2024-11-11,42,-7,-5
06DPpk0hUJEgpzl5cuWNI6,TH,2024-11-11,43,4,7
3ZajpwGfKsToCEAuLTtoxF,TH,2024-11-11,44,0,6
0zLFNFvbnPmWZfDewtyaVg,TH,2024-11-11,45,5,-1
24VfUtHxbkCrscWC00toom,TH,2024-11-11,46,4,4
08NGk13plUmQ5E5yjxIPIz,TH,2024-11-11,47,-1,-6
4bjN59DRXFRxBE1g5ne6B1,TH,2024-11-11,48,-7,-5
5u8iqPNTa3ryOqeiNdgi6o,TH,2024-11-11,49,1,1
4bnxMt1viexb85sAtVz1dA,TH,2024-11-11,50,0,0
1cOboCuWYI2osTOfolMRS6,SV,2024-11-11,1,0,0
7bywjHOc0wSjGGbj04XbVi,SV,2024-11-11,2,0,1
0Sr7ssScx54yxdM2ols7nW,SV,2024-11-11,3,0,2
7tI8dRuH2Yc6RuoTjxo4dU,SV,2024-11-11,4,1,-2
0qeIFEGRQqHoaJtLCl0U73,SV,2024-11-11,5,-1,1
6WatFBLVB0x077xWeoVc2k,SV,2024-11-11,6,0,2
2FFr0vdtqPBTK3RW0c7T5C,SV,2024-11-11,7,2,0
3mg9jYNC1NihbthlglzrWP,SV,2024-11-11,8,-1,42
2Bhmj4XK33InfhqKPxcJ1v,SV,2024-11-11,9,41,28
0O3U5iwTbiXCREMkvotJuN,SV,2024-11-11,10,0,15
2gmd7lY3QSzLh0xIY4cRvi,SV,2024-11-11,11,1,-2
0zNMdrDEs5N0JPQ7RYQZln,SV,2024-11-11,12,-1,11
27ze5t5tIDPlVits0KRbxT,SV,2024-11-11,13,5,7
2btNsI4OvcVl7SAHQQDHFB,SV,2024-11-11,14,-6,-10
0HDHY6RSHHG2ZTE0cMT4GJ,SV,2024-11-11,15,12,35
7iQXYTyuG13aoeHxGG28Nh,SV,2024-11-11,16,-3,-4
2CeKVsFFXG4QzA415QygGb,SV,2024-11-11,17,-2,9
2plbrEY59IikOBgBGLjaoe,SV,2024-11-11,18,-4,-3
5AH31dDNgxCMGDdxubNNn4,SV,2024-11-11,19,5,8
0BiDnJFB3TlRB6aji7jUz3,SV,2024-11-11,20,0,-3
6X6m4xmdFcz31p1h7Qg68c,SV,2024-11-11,21,-5,-3
5QjmUqgpPQgXgg4606DqZF,SV,2024-11-11,22,-3,-6
4bw8mcDUSRWfQo63ZTYRnU,SV,2024-11-11,23,-2,-12
1C84d9abZVKWHT2YYpoean,SV,2024-11-11,24,2,-11
5LhI8m7n8xlQmNe3b7Rwis,SV,2024-11-11,25,0,5
6a9Z1jUms915w4O7N1PxjY,SV,2024-11-11,26,-3,-7
2yzshFeBIwH8tWIqHEFLeD,SV,2024-11-11,27,1,5
7JwdbqIpiuWvGbRryKSuBz,SV,2024-11-11,28,22,22
0fea68AdmYNygeTGI4RC18,SV,2024-11-11,29,0,0
2MioxSroS0g1mi24LLfcnq,SV,2024-11-11,30,20,20
217bRMES4HVbPdUe8l8ECN,SV,2024-11-11,31,19,19
0T2pB7P1VdXPhLdQZ488uH,SV,2024-11-11,32,-1,2
5RqSsdzTNPX1uzkmlHCFvK,SV,2024-11-11,33,2,10
6uIIdjYTxxpWOyWuVXrKQO,SV,2024-11-11,34,13,8
1hZsWUnLbqRw09jLAMQSsb,SV,2024-11-11,35,4,6
5lKFO0PrOC9jmOlPEdjHsL,SV,2024-11-11,36,-4,-3
7iUtQNMRB8ZkKC4AmEuCJC,SV,2024-11-11,37,-4,8
5vNRhkKd0yEAg8suGBpjeY,SV,2024-11-11,38,-4,1
2aYZaN5SmkRDLsrrV8GkBQ,SV,2024-11-11,39,-9,-18
6G4U9avyBNEfP0fAIduev3,SV,2024-11-11,40,10,10
63pLfjK6FvcYJYMGwtHjd6,SV,2024-11-11,41,-3,-3
1aUq8rjW1EwkAkMri4VfJy,SV,2024-11-11,42,-1,8
4ZOkfHC38nxSeSqzGE5HFr,SV,2024-11-11,43,-6,-8
0AAl3LtvIhEilWXZmYHeh5,SV,2024-11-11,44,-2,6
79MlVxKj43tDISSISiVHJM,SV,2024-11-11,45,5,5
0WKd91LoIHCFIhDmgewjhy,SV,2024-11-11,46,4,4
2vmfvSoZBFAt9hhRoEByLi,SV,2024-11-11,47,3,3
7ABLbnD53cQK00mhcaOUVG,SV,2024-11-11,48,-5,2
1iLv1ieT9BZ3qsti9yTCnG,SV,2024-11-11,49,1,-2
505v13epFXodT9fVAJ6h8k,SV,2024-11-11,50,0,-2
63t5KcNc6sOvyo0leRzueh,SK,2024-11-11,1,0,49
2UD4l3evthKlDOM6HSrc9N,SK,2024-11-11,2,1,48
6o8xkwILevddKUOA6rdSMT,SK,2024-11-11,3,-1,47
71oYEUUlOT1ANUqHei1dKO,SK,2024-11-11,4,0,46
5wKPW5Df9Clwn2TmAvkQks,SK,2024-11-11,5,0,45
6gj6FXx7jZXOOdLX4aNaSK,SK,2024-11-11,6,4,44
1nwKq6t4wpKLK2bWkDVm3e,SK,2024-11-11,7,1,43
7jAC1Ifo1Qpsf8pKW02ata,SK,2024-11-11,8,1,42
38pNZU3kgTMpP59E7fvJUh,SK,2024-11-11,9,-2,41
05pOvEKVCmErFLXfxS7a39,SK,2024-11-11,10,-4,40
1S1WtutWfm67FSZqvSQFul,SK,2024-11-11,11,0,39
5uyUYBf12MoDctqYKEUFti,SK,2024-11-11,12,1,-11
2zK9eC7a1nwbINemfyKFKB,SK,2024-11-11,13,-1,37
1P8o6bOTyh1kEqe72JFzzO,SK,2024-11-11,14,0,-12
4zBNmCPinwFF4mGgN8WqfN,SK,2024-11-11,15,0,35
3BQqSkF8Raj9lEzJdscmmu,SK,2024-11-11,16,0,-12
2262bWmqomIaJXwCRHr13j,SK,2024-11-11,17,0,-14
2plbrEY59IikOBgBGLjaoe,SK,2024-11-11,18,0,-11
5vNRhkKd0yEAg8suGBpjeY,SK,2024-11-11,19,6,-8
1IhLb5tqlGsVFGwX0Xr9EJ,SK,2024-11-11,20,20,30
00Imdq7NDBO3zbbREGgUOM,SK,2024-11-11,21,-2,-11
6dOtVTDdiauQNBQEDOtlAB,SK,2024-11-11,22,2,-13
5HVr2Ay42xJgB2VZ7CUJQJ,SK,2024-11-11,23,-3,-17
1Es7AUAhQvapIcoh3qMKDL,SK,2024-11-11,24,-2,-12
0xGQTpN4ESETtl1Sp6rzd2,SK,2024-11-11,25,-4,-20
2PnlsTsOTLE5jnBnNe2K0A,SK,2024-11-11,26,-3,-11
2N0SPREDYqILVEFSsWF5N5,SK,2024-11-11,27,3,-19
4WXX611x1aCtwcqVJgA3xb,SK,2024-11-11,28,0,-15
2sfL5PDP2uid2zbDYOLaPv,SK,2024-11-11,29,-3,-13
3JG1uFc40wfyrqaWC7iv0e,SK,2024-11-11,30,2,-13
7ne4VBA60CxGM75vw0EYad,SK,2024-11-11,31,2,16
6KrZjI3fqzqctnmO0MjC4d,SK,2024-11-11,32,-1,-10
51wzXdbSUBQt0bcjBpLqXR,SK,2024-11-11,33,-4,-19
5011v8IwA4NApxQ3ntw6Ih,SK,2024-11-11,34,-7,-9
0kN7F9Hc6sjJ5WPuuyJJNi,SK,2024-11-11,35,1,-15
18ilJfI0M9nkz2O3EnT9cS,SK,2024-11-11,36,-1,-18
0io16MKpbeDIdYzmGpQaES,SK,2024-11-11,37,4,-14
3xkHsmpQCBMytMJNiDf3Ii,SK,2024-11-11,38,5,-6
4x7peu8R6VGEJSzkYNlypW,SK,2024-11-11,39,0,-18
42VsgItocQwOQC3XWZ8JNA,SK,2024-11-11,40,6,-16
237OELq03CgubC3t7LwvUq,SK,2024-11-11,41,-4,-22
1LY3GhF0zxIVgbYEQjCbUO,SK,2024-11-11,42,6,-7
6AZaXcXWfcFgJRgl4bsgvD,SK,2024-11-11,43,6,-13
5E1tL0zofGATKf1cthCxwf,SK,2024-11-11,44,6,-17
3V4qnjY8k0bWxwEemj21MG,SK,2024-11-11,45,-7,-16
5BOCqcH0TPqMLOo17dFscB,SK,2024-11-11,46,-2,-15
2HRqTpkrJO5ggZyyK6NPWz,SK,2024-11-11,47,3,-11
1tpWtFdAuY9chjl5YhzsTP,SK,2024-11-11,48,-3,2
3QaPy1KgI7nu9FJEQUgn6h,SK,2024-11-11,49,1,1
0cQVqPuHQP4KEwc7ZUQmj6,SK,2024-11-11,50,0,-17
5vNRhkKd0yEAg8suGBpjeY,SG,2024-11-11,1,0,0
7tI8dRuH2Yc6RuoTjxo4dU,SG,2024-11-11,2,0,0
2plbrEY59IikOBgBGLjaoe,SG,2024-11-11,3,0,0
6dOtVTDdiauQNBQEDOtlAB,SG,2024-11-11,4,0,0
7ne4VBA60CxGM75vw0EYad,SG,2024-11-11,5,0,1
2CspwnypzT7rcWI9RfsoSb,SG,2024-11-11,6,0,-1
1MUZitHRpmng5NevrvNx4T,SG,2024-11-11,7,43,13
5G2f63n7IPVPPjfNIGih7Q,SG,2024-11-11,8,1,-1
2262bWmqomIaJXwCRHr13j,SG,2024-11-11,9,4,0
2HRqTpkrJO5ggZyyK6NPWz,SG,2024-11-11,10,0,-2
7Cnpb1vBbC46RgVyyKLH7p,SG,2024-11-11,11,39,0
2Qcbspnftnon37jibwyvMU,SG,2024-11-11,12,-1,0
3yDRcs0Y4pPzkvMbUfeF9H,SG,2024-11-11,13,-1,-3
6aJn7Cst74cj4lNIiPRgav,SG,2024-11-11,14,0,-1
3QaPy1KgI7nu9FJEQUgn6h,SG,2024-11-11,15,1,3
0WbMK4wrZ1wFSty9F7FCgu,SG,2024-11-11,16,-1,-2
3LWVXp636uLT356Rj08Jaz,SG,2024-11-11,17,20,2
51rfRCiUSvxXlCSCfIztBy,SG,2024-11-11,18,1,4
2tHwzyyOLoWSFqYNjeVMzj,SG,2024-11-11,19,-1,-2
2aL4lMGhWdPpyPL6COPou7,SG,2024-11-11,20,1,-4
2DbDefRFJ5YOfXCKOeCJJh,SG,2024-11-11,21,-4,15
0KKkJNfGyhkQ5aFogxQAPU,SG,2024-11-11,22,0,16
6MzofobZt2dm0Kf1hTThFz,SG,2024-11-11,23,-3,-2
51ZQ1vr10ffzbwIjDCwqm4,SG,2024-11-11,24,1,2
1Es7AUAhQvapIcoh3qMKDL,SG,2024-11-11,25,-2,0
7BqBn9nzAq8spo5e7cZ0dJ,SG,2024-11-11,26,24,9
2HRgqmZQC0MC7GeNuDIXHN,SG,2024-11-11,27,0,7
1BxfuPKGuaTgP7aM0Bbdwr,SG,2024-11-11,28,1,1
21LtZQQMQYwVIxc9O9Ygq8,SG,2024-11-11,29,-1,-5
3AJwUDP919kvQ9QcozQPxg,SG,2024-11-11,30,6,17
0VVD95cRAppHSOGPYrfIG2,SG,2024-11-11,31,1,-8
1aKvZDoLGkNMxoRYgkckZG,SG,2024-11-11,32,1,5
1UHS8Rf6h5Ar3CDWRd3wjF,SG,2024-11-11,33,-3,-2
4XsJiRJQAK8TWcZCn0Dxlh,SG,2024-11-11,34,-8,-6
19XpFsce28aByvCC4g89tJ,SG,2024-11-11,35,0,4
6GyUt7yJ0sOktc5HjvVnFh,SG,2024-11-11,36,-2,4
5sjnkOfTLCLNfkkchI2re2,SG,2024-11-11,37,-6,-5
3xkHsmpQCBMytMJNiDf3Ii,SG,2024-11-11,38,5,5
5O2P9iiztwhomNh8xkR9lJ,SG,2024-11-11,39,-1,-24
5sTLGx6c7YRwnrWm6O091n,SG,2024-11-11,40,2,10
5g7sDjBhZ4I3gcFIpkrLuI,SG,2024-11-11,41,9,5
62bOmKYxYg7dhrC6gH9vFn,SG,2024-11-11,42,4,-1
7CyPwkp0oE8Ro9Dd5CUDjW,SG,2024-11-11,43,-2,-1
6dgUya35uo964z7GZXM07g,SG,2024-11-11,44,-4,6
3qhlB30KknSejmIvZZLjOD,SG,2024-11-11,45,4,5
2ASWo8MTESnHQhJhpMSPbF,SG,2024-11-11,46,-2,2
0h7QMc9ZRzA9QJrbEHytn2,SG,2024-11-11,47,1,3
0cOMncRq4cmDLO4tPQnkBF,SG,2024-11-11,48,2,2
21B4gaTWnTkuSh77iWEXdS,SG,2024-11-11,49,-2,1
4gxEY3Mh5FZZDAJAKPNrCS,SG,2024-11-11,50,-5,-5
5GdAGqF9ZI4gADtpVAxqe7,SE,2024-11-11,1,0,0
1nPjwnKrO6imcSiaXNu8CX,SE,2024-11-11,2,0,0
0Pii5EXqXhPOTcX86zDxaW,SE,2024-11-11,3,0,0
2YYsb4d39JKLpQgTMpXOQ0,SE,2024-11-11,4,0,0
7ne4VBA60CxGM75vw0EYad,SE,2024-11-11,5,1,36
2CBuonjhTSzjzDBKNhjxlF,SE,2024-11-11,6,-1,-1
2262bWmqomIaJXwCRHr13j,SE,2024-11-11,7,0,4
0j2JcSeuF8ElJTrC8g6493,SE,2024-11-11,8,2,-2
2plbrEY59IikOBgBGLjaoe,SE,2024-11-11,9,0,3
5fZJQrFKWQLb7FpJXZ1g7K,SE,2024-11-11,10,3,0
3nHuKdFJZm78CoeBnDcFKe,SE,2024-11-11,11,0,7
7HuBqX0G5mJTd8TEiPZ40K,SE,2024-11-11,12,-4,-5
6KOzO2mUwSwe8a9GiJAn7X,SE,2024-11-11,13,8,2
3PzfAzqI03wcX8OikTdrH2,SE,2024-11-11,14,2,-6
6dOtVTDdiauQNBQEDOtlAB,SE,2024-11-11,15,0,-2
3GygspQIcYy5OnRiw245Qh,SE,2024-11-11,16,7,-2
17phhZDn6oGtzMe56NuWvj,SE,2024-11-11,17,7,3
4o5Ob60pz8QHcFKcr4MWyf,SE,2024-11-11,18,7,5
0ZW2C4Yd8HvGXM6jrLmChx,SE,2024-11-11,19,-7,-3
2J38DVGTR8RV4jLVdDmtQv,SE,2024-11-11,20,-6,-11
5vNRhkKd0yEAg8suGBpjeY,SE,2024-11-11,21,7,5
1H3okcaLb3IjLnp05KrRaD,SE,2024-11-11,22,4,6
2UX821OXiIYGp67PdMqmoe,SE,2024-11-11,23,-6,2
2RBvyTnkcHF6zddeq8Ewrd,SE,2024-11-11,24,-5,-2
4TnoZMlHYaYVCVB8BXMVj9,SE,2024-11-11,25,5,2
3jEU1V6aIJR8cQWiKT8BNT,SE,2024-11-11,26,-6,-7
2uqYupMHANxnwgeiXTZXzd,SE,2024-11-11,27,4,2
3CTgRPxyTh2w7wBjVFH88e,SE,2024-11-11,28,4,-7
0MG5kEZwTRrjKc0RZo9iCA,SE,2024-11-11,29,0,-12
2qEQy3x9MQH7eTJU6LmEJx,SE,2024-11-11,30,4,-6
2F2ZiGOzgHJ1uAlzDjoNlV,SE,2024-11-11,31,-4,19
5G2f63n7IPVPPjfNIGih7Q,SE,2024-11-11,32,1,-2
3xkHsmpQCBMytMJNiDf3Ii,SE,2024-11-11,33,4,0
5IZXB5IKAD2qlvTPJYDCFB,SE,2024-11-11,34,1,-2
2HRqTpkrJO5ggZyyK6NPWz,SE,2024-11-11,35,4,-1
0Ji8JgIjTfYceQcpqMr1pX,SE,2024-11-11,36,14,-5
0WbMK4wrZ1wFSty9F7FCgu,SE,2024-11-11,37,6,13
7hR22TOX3RorxJPcsz5Wbo,SE,2024-11-11,38,2,-3
401N7rbd6MSziVSDVTaQr7,SE,2024-11-11,39,8,0
3Vr3zh0r7ALn8VLqCiRR10,SE,2024-11-11,40,1,6
3dj4wgM3cPeuLwMNHDuBon,SE,2024-11-11,41,3,9
6xQhvjACkxeuaRIH25UizF,SE,2024-11-11,42,-24,8
3QaPy1KgI7nu9FJEQUgn6h,SE,2024-11-11,43,-1,7
4KULAymBBJcPRpk1yO4dOG,SE,2024-11-11,44,4,6
00R2eVdkti9OZboefW2f4i,SE,2024-11-11,45,-9,-7
5jlAu4lHHVzheutRcbDklk,SE,2024-11-11,46,4,1
7daGugofgBVQN2TGIrlFjO,SE,2024-11-11,47,-9,3
5lurk3t7qLzNQpkvKWi4AP,SE,2024-11-11,48,-26,2
4BliCq54T5TbxmaLdXJGEK,SE,2024-11-11,49,1,-1
4SS4YfDAEQG0fZAe1xfgn3,SE,2024-11-11,50,0,0
5vNRhkKd0yEAg8suGBpjeY,SA,2024-11-11,1,0,0
2plbrEY59IikOBgBGLjaoe,SA,2024-11-11,2,0,0
6dOtVTDdiauQNBQEDOtlAB,SA,2024-11-11,3,1,0
3QaPy1KgI7nu9FJEQUgn6h,SA,2024-11-11,4,-1,0
0vGAjG4vLZmyZvnCWKW0WG,SA,2024-11-11,5,0,8
5dzwBAYB1Y7Pn4qOOrLOcB,SA,2024-11-11,6,0,44
5okjGjbI5S9GON1fM0delO,SA,2024-11-11,7,0,26
3iPUqYAqDdpnTmCF2FRFdX,SA,2024-11-11,8,2,23
3siwsiaEoU4Kuuc9WKMUy5,SA,2024-11-11,9,-1,-3
2CspwnypzT7rcWI9RfsoSb,SA,2024-11-11,10,-1,-3
0io16MKpbeDIdYzmGpQaES,SA,2024-11-11,11,0,3
0Hk9OFVAxB6mxTtLmmFdkT,SA,2024-11-11,12,1,-2
2HRqTpkrJO5ggZyyK6NPWz,SA,2024-11-11,13,-1,-2
5iyZWYdb4RmL94Ul9Nfta7,SA,2024-11-11,14,0,9
1Es7AUAhQvapIcoh3qMKDL,SA,2024-11-11,15,0,-7
15mtirqNB6IF1owL0WkIUg,SA,2024-11-11,16,0,20
3h4kEr2cagLR0HlqMyMS2H,SA,2024-11-11,17,3,26
7tI8dRuH2Yc6RuoTjxo4dU,SA,2024-11-11,18,-1,-9
7BRD7x5pt8Lqa1eGYC4dzj,SA,2024-11-11,19,-1,-3
6ieb5VefKfuBdFc3Ziw5cX,SA,2024-11-11,20,4,30
7IBqHkoP94VrgYKVns4eNz,SA,2024-11-11,21,-2,18
42VsgItocQwOQC3XWZ8JNA,SA,2024-11-11,22,-1,-3
3MyX3ndru7RTKvLkMZJJeJ,SA,2024-11-11,23,4,27
2262bWmqomIaJXwCRHr13j,SA,2024-11-11,24,-2,-12
0cQVqPuHQP4KEwc7ZUQmj6,SA,2024-11-11,25,25,-8
7ne4VBA60CxGM75vw0EYad,SA,2024-11-11,26,-3,-11
4QlbWOnT3ZoR2mTsyg362u,SA,2024-11-11,27,-1,23
0yc6Gst2xkRu0eMLeRMGCX,SA,2024-11-11,28,0,-10
5XeFesFbtLpXzIVDNQP22n,SA,2024-11-11,29,0,-9
3p4hRhMcb6ch8OLtATMaLw,SA,2024-11-11,30,0,-8
6RodD6CVu4mHQRrQJD8XhP,SA,2024-11-11,31,4,19
3qhlB30KknSejmIvZZLjOD,SA,2024-11-11,32,1,-4
7CyPwkp0oE8Ro9Dd5CUDjW,SA,2024-11-11,33,1,-12
60AVJqYgyAlCckC6Nh2tgO,SA,2024-11-11,34,-2,16
2N0SPREDYqILVEFSsWF5N5,SA,2024-11-11,35,15,-11
2esZG2XFtuoWWA9AfDvSxy,SA,2024-11-11,36,0,14
2HRgqmZQC0MC7GeNuDIXHN,SA,2024-11-11,37,-6,-8
3vkCueOmm7xQDoJ17W1Pm3,SA,2024-11-11,38,1,-3
5G2f63n7IPVPPjfNIGih7Q,SA,2024-11-11,39,-2,-13
2YZ7CJV3Q1OGh7ZL9PYWcP,SA,2024-11-11,40,-2,10
6AI3ezQ4o3HUoP6Dhudph3,SA,2024-11-11,41,-1,9
48NMdaPvyptuPKCQMtKqoo,SA,2024-11-11,42,6,8
1MUZitHRpmng5NevrvNx4T,SA,2024-11-11,43,7,7
2K7xn816oNHJZ0aVqdQsha,SA,2024-11-11,44,5,6
3eekarcy7kvN4yt5ZFzltW,SA,2024-11-11,45,-2,5
2yR2sziCF4WEs3klW1F38d,SA,2024-11-11,46,-5,4
3JG1uFc40wfyrqaWC7iv0e,SA,2024-11-11,47,-2,3
0WbMK4wrZ1wFSty9F7FCgu,SA,2024-11-11,48,-4,-18
6QeYSvYqYUsfBzsApbjDHO,SA,2024-11-11,49,-2,1
1lOe9qE0vR9zwWQAOk6CoO,SA,2024-11-11,50,0,0
4ltU2MHw7l9Mbr7NhbNjLV,RO,2024-11-11,1,0,0
6YnNRZZH53YVue4gpk7jYQ,RO,2024-11-11,2,0,0
7tI8dRuH2Yc6RuoTjxo4dU,RO,2024-11-11,3,2,0
4tKYYeJUKdWxyiWlVqUIj8,RO,2024-11-11,4,-1,3
4KzxeD91DwTgMu0uArD6tg,RO,2024-11-11,5,-1,1
2yUZv6utvoeV0B79YSn7pq,RO,2024-11-11,6,0,-1
3BAZCKKEbilNdQgTSLBca9,RO,2024-11-11,7,0,2
7CzIPuAZjl1K8wYPOOzHyL,RO,2024-11-11,8,5,0
0ub7PGAoZAeRiinkrRnlKh,RO,2024-11-11,9,-1,41
4TLyVQPY9Kuwh9ptK9NZBn,RO,2024-11-11,10,4,2
1Es7AUAhQvapIcoh3qMKDL,RO,2024-11-11,11,0,3
26yMwoEBtLRYAUcKKk0uIY,RO,2024-11-11,12,0,1
0xGQTpN4ESETtl1Sp6rzd2,RO,2024-11-11,13,-4,-9
5sFEhVXljNz3VPW404UHey,RO,2024-11-11,14,2,36
6PxNbn9eM5SIDTBBZfG9PX,RO,2024-11-11,15,0,-5
5jDcoEETEDGuFlKhPm6eIq,RO,2024-11-11,16,2,-5
2plbrEY59IikOBgBGLjaoe,RO,2024-11-11,17,0,0
5gGT2pleKQwQuiKxz5wYfe,RO,2024-11-11,18,1,0
5vNRhkKd0yEAg8suGBpjeY,RO,2024-11-11,19,6,3
0gOjMBj92rLOX6M134LMMh,RO,2024-11-11,20,4,-4
1rphOlDQNt1BrIvc4zn5uq,RO,2024-11-11,21,-1,-6
6WUGsDp56TjkMRrF5WsElJ,RO,2024-11-11,22,-1,-2
6fi9kxR0M6S2chzb2O4YIy,RO,2024-11-11,23,0,1
7dpjndI7KXtTVAERTplKMw,RO,2024-11-11,24,-2,-1
0io16MKpbeDIdYzmGpQaES,RO,2024-11-11,25,6,3
5p93LIjxyKzAvwaPXAb3iI,RO,2024-11-11,26,2,-5
4EBATplQoU295eNOeONlAP,RO,2024-11-11,27,14,6
2r2lwkgZJbsNCNcWqg1ND3,RO,2024-11-11,28,1,-3
2K27dgyO1yDFw2gZNQSkFF,RO,2024-11-11,29,1,9
2vypqMNbxNn7jVrscNxrFZ,RO,2024-11-11,30,-4,20
1lb1SBZXMocgE9O93dfxRr,RO,2024-11-11,31,15,-5
0RMLTuBPTlGE6iYLyO1glA,RO,2024-11-11,32,1,-2
4lq4TC1NoJJOOQlNis8YYN,RO,2024-11-11,33,4,-6
40GuJIybQew4lWrTernb4D,RO,2024-11-11,34,9,9
08J3tcESmdRb8IjT12FG50,RO,2024-11-11,35,4,15
5yGAxh5wM6di5gmlD79jDY,RO,2024-11-11,36,-9,0
3QaPy1KgI7nu9FJEQUgn6h,RO,2024-11-11,37,13,13
6dOtVTDdiauQNBQEDOtlAB,RO,2024-11-11,38,12,2
4Kxn0Ix6IDWLnkGxmb4i2D,RO,2024-11-11,39,6,-8
2c7z5oRcPBbqRaBY2mLWcf,RO,2024-11-11,40,-6,-8
3rukzF9QVHpdIUDjYpczRX,RO,2024-11-11,41,1,1
0pJsSyNYSx3lCczO3kdbMG,RO,2024-11-11,42,-10,8
6ryYkPaIuqPcnlWwJrdMBN,RO,2024-11-11,43,7,7
0WY8Quy5XCZENngfyBrH4B,RO,2024-11-11,44,-9,3
2262bWmqomIaJXwCRHr13j,RO,2024-11-11,45,5,1
7Lt9GmQADKBkE5ch07n8fY,RO,2024-11-11,46,3,-5
5eDUjRGEYTvEtlGUIOR7Mh,RO,2024-11-11,47,-7,-13
00h0W7OACncGvIWVhwGhPX,RO,2024-11-11,48,2,2
4cZ0QPVw1oTZ48yML1k8wI,RO,2024-11-11,49,1,-20
2ptj53A3ixVzmPtjlsrgxY,RO,2024-11-11,50,-12,-11
0Sr7ssScx54yxdM2ols7nW,PY,2024-11-11,1,0,0
6kPCcIAGoTeRrh8qrmKa90,PY,2024-11-11,2,0,1
6WatFBLVB0x077xWeoVc2k,PY,2024-11-11,3,0,3
7bywjHOc0wSjGGbj04XbVi,PY,2024-11-11,4,3,3
7tI8dRuH2Yc6RuoTjxo4dU,PY,2024-11-11,5,-1,-3
0qeIFEGRQqHoaJtLCl0U73,PY,2024-11-11,6,0,4
5QjmUqgpPQgXgg4606DqZF,PY,2024-11-11,7,1,-2
2N0SPREDYqILVEFSsWF5N5,PY,2024-11-11,8,-3,-4
0SoBfYjQHvL6cuWHtPUYnq,PY,2024-11-11,9,1,0
03IpZ9yqJlo3EIgDQUgBSF,PY,2024-11-11,10,-1,13
11PV8CaPqlto9Uejx92C35,PY,2024-11-11,11,1,5
2btNsI4OvcVl7SAHQQDHFB,PY,2024-11-11,12,-1,-4
1fTjqf10accJCDYstPwwZ6,PY,2024-11-11,13,0,0
2CeKVsFFXG4QzA415QygGb,PY,2024-11-11,14,0,14
2gmd7lY3QSzLh0xIY4cRvi,PY,2024-11-11,15,0,2
4YnmQG1fnJR9LnTZtix70T,PY,2024-11-11,16,0,4
4AdkryAxDTbgwQdqtFH8qx,PY,2024-11-11,17,8,10
6a9Z1jUms915w4O7N1PxjY,PY,2024-11-11,18,-1,-3
372WH7eXbJKJX37iYPeqvR,PY,2024-11-11,19,7,22
0T2pB7P1VdXPhLdQZ488uH,PY,2024-11-11,20,1,10
3KZCP2StVGdWkOKyRZNWA4,PY,2024-11-11,21,-3,-9
2Qcbspnftnon37jibwyvMU,PY,2024-11-11,22,-3,-11
0bPP5cDG1ZnbAVCEa3ZbQ1,PY,2024-11-11,23,5,-2
4bw8mcDUSRWfQo63ZTYRnU,PY,2024-11-11,24,0,-5
42wdz3j7gstgUuhoFLCXqd,PY,2024-11-11,25,-2,-11
1c9oWoW5BycnHNK6KPH3wr,PY,2024-11-11,26,8,12
5RqSsdzTNPX1uzkmlHCFvK,PY,2024-11-11,27,2,5
0PBTlQ84CBJF0tBnKGmQa6,PY,2024-11-11,28,-8,-10
1cOboCuWYI2osTOfolMRS6,PY,2024-11-11,29,-7,8
4dLLdfiniBhDP9dlJQIOi4,PY,2024-11-11,30,2,-1
43PiEypaceH339CSNiggyj,PY,2024-11-11,31,-1,-6
3tiJUOfAEqIrLFRQgGgdoY,PY,2024-11-11,32,3,7
3OJDtCdYs8QJnui708tEU3,PY,2024-11-11,33,-2,-11
7iUtQNMRB8ZkKC4AmEuCJC,PY,2024-11-11,34,-1,8
7iQXYTyuG13aoeHxGG28Nh,PY,2024-11-11,35,2,-2
0O3U5iwTbiXCREMkvotJuN,PY,2024-11-11,36,4,14
54zcJnb3tp9c5OVKREZ1Is,PY,2024-11-11,37,2,-3
2RdTRx9fjrxCW1bLZsCDob,PY,2024-11-11,38,3,-7
5TMlAr7B0vwDc8QG6OY2uN,PY,2024-11-11,39,9,-3
2plbrEY59IikOBgBGLjaoe,PY,2024-11-11,40,-13,-5
4XrxzKSAFver3k2QOgfRCO,PY,2024-11-11,41,9,2
0a6ogDrZBvYgDjILgsQVaJ,PY,2024-11-11,42,-4,8
5q2JbCNi4FcnglgPfxcV65,PY,2024-11-11,43,-1,-17
1pymWRCuZfCd0zdiBJo0Hj,PY,2024-11-11,44,-1,0
6DUdDIRgLqCGq1DwkNWQTN,PY,2024-11-11,45,-9,2
39Pc4a04VgCtcc7m0XKi9M,PY,2024-11-11,46,-2,3
2yzshFeBIwH8tWIqHEFLeD,PY,2024-11-11,47,2,-1
6XbtvPmIpyCbjuT0e8cQtp,PY,2024-11-11,48,-2,-8
4pygz13A6EcLL6ti7kqGaf,PY,2024-11-11,49,-4,-25
7ABLbnD53cQK00mhcaOUVG,PY,2024-11-11,50,-3,0
2plbrEY59IikOBgBGLjaoe,PT,2024-11-11,1,0,0
6s1kzj4EbhFLXbuAGJbhbn,PT,2024-11-11,2,0,0
5lGXgWvY60L80gKGk5Clgc,PT,2024-11-11,3,0,47
0xGQTpN4ESETtl1Sp6rzd2,PT,2024-11-11,4,0,0
4TnEIYOXZ9KBGHOIqG5Xs5,PT,2024-11-11,5,2,5
6WatFBLVB0x077xWeoVc2k,PT,2024-11-11,6,3,0
6dOtVTDdiauQNBQEDOtlAB,PT,2024-11-11,7,1,0
0VBFANoEYSrWF3lOEGsAqC,PT,2024-11-11,8,-3,42
7ne4VBA60CxGM75vw0EYad,PT,2024-11-11,9,3,18
5vNRhkKd0yEAg8suGBpjeY,PT,2024-11-11,10,7,-2
1hdWqiFAy5hNRxyVpDy81P,PT,2024-11-11,11,4,-2
6RjSXi9cPGroetXeNsWFGL,PT,2024-11-11,12,10,0
2y5mEYDDPoQCgz55sP3eUz,PT,2024-11-11,13,8,3
2262bWmqomIaJXwCRHr13j,PT,2024-11-11,14,9,0
23PQOfRFXeQ6ZR4q7ZfM5r,PT,2024-11-11,15,4,-4
2wmNwZJqA5gSloh13WjraI,PT,2024-11-11,16,2,34
3xkHsmpQCBMytMJNiDf3Ii,PT,2024-11-11,17,8,0
1zCPJt4raBGFO9r1ENUQhl,PT,2024-11-11,18,-12,32
0bPP5cDG1ZnbAVCEa3ZbQ1,PT,2024-11-11,19,17,-6
17phhZDn6oGtzMe56NuWvj,PT,2024-11-11,20,7,1
5G2f63n7IPVPPjfNIGih7Q,PT,2024-11-11,21,8,-6
1WGmyxoPCfOrk7uT2z3Zuu,PT,2024-11-11,22,22,-3
6vBuEFImAx36hDYiYqBtkZ,PT,2024-11-11,23,3,-3
1cTamrfYAUHnoiMf2gpq55,PT,2024-11-11,24,6,0
4TMaPzyzoxYe9lOj0dU2t1,PT,2024-11-11,25,-15,25
3QaPy1KgI7nu9FJEQUgn6h,PT,2024-11-11,26,9,4
1BJJbSX6muJVF2AK7uH1x4,PT,2024-11-11,27,7,-9
51rfRCiUSvxXlCSCfIztBy,PT,2024-11-11,28,3,0
5nPbKG04fhLkIAjcPFaZq7,PT,2024-11-11,29,3,-6
2PnlsTsOTLE5jnBnNe2K0A,PT,2024-11-11,30,-6,-5
4PARMoAgm4LG2X8pfJNoxI,PT,2024-11-11,31,-20,19
1n9LTcpwfT7ZdxiWrvSCdr,PT,2024-11-11,32,-19,18
1yjYtmNf1DpfQMjBpVy5rg,PT,2024-11-11,33,17,17
0ekPdADMjk6VORttJ5MYh0,PT,2024-11-11,34,-20,16
2HRqTpkrJO5ggZyyK6NPWz,PT,2024-11-11,35,2,-9
38adAyMqsOEwCdXETWCPPa,PT,2024-11-11,36,3,-3
1Es7AUAhQvapIcoh3qMKDL,PT,2024-11-11,37,-4,-15
5PnvmN6EQiYKPx2oT39DDa,PT,2024-11-11,38,-22,12
2drZGdAOxfE2KoMGTkidmq,PT,2024-11-11,39,3,0
64CovjRwInpOJW4PiGMprY,PT,2024-11-11,40,10,8
24p1wHRD1yTaKeMX8vUfVr,PT,2024-11-11,41,-21,9
3H7eBmcTJyuEMStfmKuLmG,PT,2024-11-11,42,3,-8
0fPOFtS7ZylYKcC9b64cSj,PT,2024-11-11,43,-5,-8
4ssHL7bSnOAE7HjiuLx6Co,PT,2024-11-11,44,-3,-12
0WbMK4wrZ1wFSty9F7FCgu,PT,2024-11-11,45,1,-8
5DrDpWyvharQkhsloNTN9W,PT,2024-11-11,46,1,-17
4zww0H1u0yYvyBGixrRCb9,PT,2024-11-11,47,-7,0
0w7vodPWFEcuEYvWpbNbOu,PT,2024-11-11,48,0,-17
2GXRtFY3WNis04B2L1d7ua,PT,2024-11-11,49,1,-6
7ldcYtMOjtX1eFVEYzj2kJ,PT,2024-11-11,50,-1,-12
4S78rQHd6cSC8g2TfdNJTf,PL,2024-11-11,1,0,0
6uup1nPNzgIDtiYo0Up0U5,PL,2024-11-11,2,0,0
6rCz0E0G6El6irdft7Zjgp,PL,2024-11-11,3,0,0
6TDvQQit8Q6EJhHvtx62cp,PL,2024-11-11,4,0,0
2plbrEY59IikOBgBGLjaoe,PL,2024-11-11,5,1,0
5hEr8DxL1QQYziUK2pnFfl,PL,2024-11-11,6,-1,0
2PrnvpGByWnjgt5jEk7XqG,PL,2024-11-11,7,0,43
1LTAYhorx76972Pr5ZOk8b,PL,2024-11-11,8,2,1
3is9xGBEPrkLAF0fryCLK7,PL,2024-11-11,9,3,1
1ZIscVoYHftgA5STle5cPo,PL,2024-11-11,10,-2,-2
4lJ88RKrUiW4UP1IAu3Dhj,PL,2024-11-11,11,0,2
28hqNGfxgIuYTcdLi8LJwl,PL,2024-11-11,12,-3,-5
3XhllIfCF2T1RaJwbBWSdi,PL,2024-11-11,13,2,1
38GSwzJGcEnENqcrZ8dADJ,PL,2024-11-11,14,0,-2
2262bWmqomIaJXwCRHr13j,PL,2024-11-11,15,-2,-4
6dOtVTDdiauQNBQEDOtlAB,PL,2024-11-11,16,1,0
5G7d637BU8TQbUjcE1qjMt,PL,2024-11-11,17,2,2
0WbMK4wrZ1wFSty9F7FCgu,PL,2024-11-11,18,0,2
5cVesBn7wWRxs6JlepA2A9,PL,2024-11-11,19,-3,31
3nHuKdFJZm78CoeBnDcFKe,PL,2024-11-11,20,2,13
3IQN4rjqZlmJgO4exMkaNT,PL,2024-11-11,21,5,29
0peRfvtx1Je91FxQtii5DJ,PL,2024-11-11,22,7,-1
7ESbIvVF79d0A9P6DOEzC7,PL,2024-11-11,23,-2,3
1Wh2SwNbe3OQCoskPc3fD8,PL,2024-11-11,24,10,-1
7eCpOF5ZJTW6RAEBAeK0qg,PL,2024-11-11,25,-5,-8
4dbp2q4IPbDvmDlECn3Xii,PL,2024-11-11,26,7,8
493ORSeExHylEYu7tolox9,PL,2024-11-11,27,-4,23
5vNRhkKd0yEAg8suGBpjeY,PL,2024-11-11,28,0,-1
5QOdYa6XQMdIm6fMYhjHQk,PL,2024-11-11,29,2,-7
3mzugJrKyhJNzZKS0RgWBg,PL,2024-11-11,30,10,2
5OC347cwcGpiwnHt0YmToq,PL,2024-11-11,31,5,-6
1bJRd2ey6ER7neSxZwYdAG,PL,2024-11-11,32,0,3
1Es7AUAhQvapIcoh3qMKDL,PL,2024-11-11,33,-6,-4
0pMRvQSP3hO7q4dvviZFf5,PL,2024-11-11,34,4,-10
6esBajH4pfY0i61Vr53QWR,PL,2024-11-11,35,0,2
0xGQTpN4ESETtl1Sp6rzd2,PL,2024-11-11,36,-11,-21
4BgTgPsNeDz2KG4QsshjL9,PL,2024-11-11,37,0,2
0MTTFee7cTSd46njlPKBZe,PL,2024-11-11,38,4,-2
6wyJltdOuSjUt1bdwO4QCZ,PL,2024-11-11,39,-15,-21
6RfHSlo0xOa5s3WnYj9xJa,PL,2024-11-11,40,1,-12
2nUpzFnUPY6Omv9XWa292d,PL,2024-11-11,41,9,-11
0cQVqPuHQP4KEwc7ZUQmj6,PL,2024-11-11,42,8,-11
2HRqTpkrJO5ggZyyK6NPWz,PL,2024-11-11,43,4,3
1jMD392hwarcPnl0aWsA0H,PL,2024-11-11,44,-5,6
3JG1uFc40wfyrqaWC7iv0e,PL,2024-11-11,45,-1,-4
4588ZH7944EUrbDvdkr2sA,PL,2024-11-11,46,4,4
5y0CCj9ENhM4G3gebGlnzb,PL,2024-11-11,47,-2,0
2FHBvsUs4tpHSzIi3GvRjK,PL,2024-11-11,48,-5,2
1MsoH4Fz8O9PKbTW5SkXbJ,PL,2024-11-11,49,1,-1
4kcMDgaU8xb4otoDv5c4kD,PL,2024-11-11,50,0,-7
0eCajpR75pDW0r64U6hP2x,PK,2024-11-11,1,0,0
4XTgFBxBHN6var1BzAgE1m,PK,2024-11-11,2,0,0
1hlbywc8Jhl1FFqJxAMabE,PK,2024-11-11,3,0,0
0C8SMUhJhFXzr4PICotjyB,PK,2024-11-11,4,0,8
0TL0LFcwIBF5eX7arDIKxY,PK,2024-11-11,5,1,-1
05Xd5LJpv6cKDUavCg2EWh,PK,2024-11-11,6,-1,17
78BWCd70D1X6LMkDZm1UoF,PK,2024-11-11,7,0,-2
4vHRQnzGcKEtqsLH70tAms,PK,2024-11-11,8,1,10
3zSSCPpLZ5Oc8nelhhGjKz,PK,2024-11-11,9,2,1
1d5lpW3gUyq537iuyrb9Lf,PK,2024-11-11,10,0,-3
4XxfOvudrnBRdlgzEaq1sd,PK,2024-11-11,11,2,2
5xlYVZxEwriP6hetG7QJw7,PK,2024-11-11,12,-4,-6
0YQJoDL6f46J0n1rOVkpxJ,PK,2024-11-11,13,-1,-2
5AnWrUzsrFgBvhn6dUElnr,PK,2024-11-11,14,1,-6
5rpCUsEfBLIumvrxrahnKF,PK,2024-11-11,15,-1,-6
4bd507BxqB2MBHzVqMGdVV,PK,2024-11-11,16,0,-2
1eZefeDb8uOsjvcbl1fJrG,PK,2024-11-11,17,2,-2
3FqtduiaqnFYvBgKuc6QWQ,PK,2024-11-11,18,-1,-2
5ZLkihi6DVsHwDL3B8ym1t,PK,2024-11-11,19,1,2
7ACdEdtwLSywi1nkN5Xlsk,PK,2024-11-11,20,-2,6
3WLJ7D5kh44K5eJ1NqZQ6W,PK,2024-11-11,21,0,-4
25Nxyrng0Z3jC5Q0hAibpw,PK,2024-11-11,22,8,3
3ZGJhN4unVspOqpwGvUL2W,PK,2024-11-11,23,1,-1
0XRb6eZE4dBIJdqwf1Mixu,PK,2024-11-11,24,1,0
4yNtO1F3flXZ4v3Ry1MzuP,PK,2024-11-11,25,-2,6
6c4Po8zyQjB4cR5XgLhcGb,PK,2024-11-11,26,0,1
3lQPwCmD918SyoiIkw1zqx,PK,2024-11-11,27,-5,-8
46QbY78ha62aiu6gBgC7lS,PK,2024-11-11,28,0,-8
29m79w9xPMH4YCD6r8JSmV,PK,2024-11-11,29,0,-1
5zCnGtCl5Ac5zlFHXaZmhy,PK,2024-11-11,30,1,0
4eBvRhTJ2AcxCsbfTUjoRp,PK,2024-11-11,31,1,-2
2oenSXLDbWVaaL7QjSGYj5,PK,2024-11-11,32,-5,1
6ygiy70ujkNOYXM1tQuMNe,PK,2024-11-11,33,8,-1
7KQdgW7QzNd9oPoCzjCU76,PK,2024-11-11,34,11,5
2jJHEFJG33RYeVhCZEbZ8u,PK,2024-11-11,35,-2,15
0euDWZG2g1Cw12TDyLQUKu,PK,2024-11-11,36,-1,10
3nKQrVVlwbAQSnFbgZWdN0,PK,2024-11-11,37,3,1
0OdztoASgKBBNcAgtErk0X,PK,2024-11-11,38,-1,-3
5vNRhkKd0yEAg8suGBpjeY,PK,2024-11-11,39,-1,1
6rFckZb1cuJYzsZiGHgqks,PK,2024-11-11,40,3,8
7o1SDLghDwMc4OW3rKakVt,PK,2024-11-11,41,-7,-5
3F3ZuXYFXGM1V6pk3b3zmi,PK,2024-11-11,42,-3,-8
0NXnuTqFQHDsbEIoKIAVCN,PK,2024-11-11,43,1,-6
72vuBPMhwFNlSYpTSf6fVD,PK,2024-11-11,44,-2,-1
6V4N3h4HYD1Ask9cUTxjjg,PK,2024-11-11,45,-9,5
6cdiviyVL3tFYE1eDcmUzL,PK,2024-11-11,46,2,1
0ptqV9ySE8HVbWblGdv3Eb,PK,2024-11-11,47,3,2
7yDHHVKLbvDmVw1XXhDDIO,PK,2024-11-11,48,1,-4
2C6CJGFLbisteRuY6Plb7b,PK,2024-11-11,49,-2,-8
0cUdmruT6kjxa5KpteSdwc,PK,2024-11-11,50,-4,0
5vNRhkKd0yEAg8suGBpjeY,PH,2024-11-11,1,0,0
2plbrEY59IikOBgBGLjaoe,PH,2024-11-11,2,0,0
6dOtVTDdiauQNBQEDOtlAB,PH,2024-11-11,3,0,0
1imaIe1NEAaWnLF0BY0V6F,PH,2024-11-11,4,0,0
2ADSh3Mp744n2586tpUtIW,PH,2024-11-11,5,0,0
52F5Y4EgcZ2RggVqpqSJBe,PH,2024-11-11,6,0,0
3be9ACTxtcL6Zm4vJRUiPG,PH,2024-11-11,7,1,43
5G2f63n7IPVPPjfNIGih7Q,PH,2024-11-11,8,-1,0
4067uAzJZUHJInwOo7X701,PH,2024-11-11,9,2,9
6FIEuf1JIzmCtach0gXpeG,PH,2024-11-11,10,2,4
4WgViu9gw3qYOr3iF9OuLG,PH,2024-11-11,11,-1,-1
0KKkJNfGyhkQ5aFogxQAPU,PH,2024-11-11,12,5,7
2v6jmF6VQWS96x6tSg05IC,PH,2024-11-11,13,1,4
5OAGg2B2BjxzpiEcuzaCkZ,PH,2024-11-11,14,-1,-1
3yDRcs0Y4pPzkvMbUfeF9H,PH,2024-11-11,15,-6,-6
1UHS8Rf6h5Ar3CDWRd3wjF,PH,2024-11-11,16,0,-5
7b89Ffklm3xh4GI37vlZDZ,PH,2024-11-11,17,-2,-5
2tHwzyyOLoWSFqYNjeVMzj,PH,2024-11-11,18,0,-2
0HAG6nIiEKd75yGpovuSJQ,PH,2024-11-11,19,0,1
2CspwnypzT7rcWI9RfsoSb,PH,2024-11-11,20,0,-5
06VwVWrnYSTIikz801hGwD,PH,2024-11-11,21,3,11
0WbMK4wrZ1wFSty9F7FCgu,PH,2024-11-11,22,0,-1
5gQyJNVUEydHMciwhih7EK,PH,2024-11-11,23,7,4
7zFXmv6vqI4qOt4yGf3jYZ,PH,2024-11-11,24,4,13
0kE1SmlJNLg14dgdo9kJws,PH,2024-11-11,25,-4,-2
16iRlyUMJVPqz62DlomMre,PH,2024-11-11,26,-1,3
2nqlM3gNBMi5Zf9MDzp2Xi,PH,2024-11-11,27,2,-3
0NJAqnvbF6vzripOB7PclP,PH,2024-11-11,28,4,-2
7BqBn9nzAq8spo5e7cZ0dJ,PH,2024-11-11,29,-6,7
2HRqTpkrJO5ggZyyK6NPWz,PH,2024-11-11,30,-4,-5
51ZQ1vr10ffzbwIjDCwqm4,PH,2024-11-11,31,0,0
1RMJOxR6GRPsBHL8qeC2ux,PH,2024-11-11,32,5,-4
6aJn7Cst74cj4lNIiPRgav,PH,2024-11-11,33,0,2
3nqqDo8CcCLke3ZoTgiOKf,PH,2024-11-11,34,4,-4
2dMQ4FbQcrEWVFK6NIFjrl,PH,2024-11-11,35,-1,-2
6Rz2gTPL95Y9EJkwgqpFkE,PH,2024-11-11,36,-1,11
3AJwUDP919kvQ9QcozQPxg,PH,2024-11-11,37,4,12
4wZTvLi0khNRqqz4i5XhdV,PH,2024-11-11,38,-11,1
4AULw1VRyJP17zMvwgTIUs,PH,2024-11-11,39,0,3
3w3y8KPTfNeOKPiqUTakBh,PH,2024-11-11,40,10,4
4Rlbzn3nj9XJMZTijQUXMs,PH,2024-11-11,41,-5,0
2262bWmqomIaJXwCRHr13j,PH,2024-11-11,42,6,8
6UGrgPcISfwGeDikA4YpEv,PH,2024-11-11,43,1,7
5mi8Oe95frx6LhvFioXE7t,PH,2024-11-11,44,-1,2
0Qra8Ps4tJAZPqRXyehCjc,PH,2024-11-11,45,1,5
61DuXKQqvXkxcrAIiNLIgR,PH,2024-11-11,46,-1,-12
69u8qQcaA3o0A7Ko87juqp,PH,2024-11-11,47,2,3
3lOpUMMUskknPD3dJR2MkT,PH,2024-11-11,48,-1,-5
6MzofobZt2dm0Kf1hTThFz,PH,2024-11-11,49,-7,-4
5NQJnRpJHRaupdegphntQT,PH,2024-11-11,50,0,0
2plbrEY59IikOBgBGLjaoe,PE,2024-11-11,1,0,0
0uK4qOvijuVKXgieyScZ04,PE,2024-11-11,2,0,2
6WatFBLVB0x077xWeoVc2k,PE,2024-11-11,3,0,-1
7tI8dRuH2Yc6RuoTjxo4dU,PE,2024-11-11,4,0,-1
0Sr7ssScx54yxdM2ols7nW,PE,2024-11-11,5,0,1
7bywjHOc0wSjGGbj04XbVi,PE,2024-11-11,6,0,-1
0qeIFEGRQqHoaJtLCl0U73,PE,2024-11-11,7,0,0
5vNRhkKd0yEAg8suGBpjeY,PE,2024-11-11,8,0,1
2gmd7lY3QSzLh0xIY4cRvi,PE,2024-11-11,9,0,1
5QjmUqgpPQgXgg4606DqZF,PE,2024-11-11,10,0,1
6a9Z1jUms915w4O7N1PxjY,PE,2024-11-11,11,1,2
7sPqCI54XxKNaOoGooaeCp,PE,2024-11-11,12,5,3
6kPCcIAGoTeRrh8qrmKa90,PE,2024-11-11,13,-2,1
1cOboCuWYI2osTOfolMRS6,PE,2024-11-11,14,0,4
42wdz3j7gstgUuhoFLCXqd,PE,2024-11-11,15,0,-3
63pLfjK6FvcYJYMGwtHjd6,PE,2024-11-11,16,0,1
2btNsI4OvcVl7SAHQQDHFB,PE,2024-11-11,17,-4,-9
27G6SfSgrwATYIM7G23u7U,PE,2024-11-11,18,1,4
5Uptvz6j1sjDKxidAcnH2L,PE,2024-11-11,19,1,1
2CeKVsFFXG4QzA415QygGb,PE,2024-11-11,20,1,12
3OJDtCdYs8QJnui708tEU3,PE,2024-11-11,21,-3,-5
6PhRhocBXP4y7NpciGmzra,PE,2024-11-11,22,0,-1
3mg9jYNC1NihbthlglzrWP,PE,2024-11-11,23,3,27
7iQXYTyuG13aoeHxGG28Nh,PE,2024-11-11,24,5,3
1fTjqf10accJCDYstPwwZ6,PE,2024-11-11,25,-1,0
5pVJ3IlnpIorU44oXizzG5,PE,2024-11-11,26,-1,2
6DUdDIRgLqCGq1DwkNWQTN,PE,2024-11-11,27,-4,-3
1pymWRCuZfCd0zdiBJo0Hj,PE,2024-11-11,28,-1,2
03IpZ9yqJlo3EIgDQUgBSF,PE,2024-11-11,29,-1,7
7iUtQNMRB8ZkKC4AmEuCJC,PE,2024-11-11,30,1,10
6dOtVTDdiauQNBQEDOtlAB,PE,2024-11-11,31,-1,0
5Qpe34hyuUgb83zeNk3q5u,PE,2024-11-11,32,9,-9
7MVIfkyzuUmQ716j8U7yGR,PE,2024-11-11,33,-1,-4
505v13epFXodT9fVAJ6h8k,PE,2024-11-11,34,0,-1
4MAv7MqIlcaTBHGiUXIWiw,PE,2024-11-11,35,1,4
0zNMdrDEs5N0JPQ7RYQZln,PE,2024-11-11,36,1,14
0EhmTBq33eARyOz3SIi4P2,PE,2024-11-11,37,-4,8
1hZsWUnLbqRw09jLAMQSsb,PE,2024-11-11,38,0,6
4bw8mcDUSRWfQo63ZTYRnU,PE,2024-11-11,39,-4,-13
0rNqDh9zWWJVTLS4VfceHP,PE,2024-11-11,40,2,3
0fea68AdmYNygeTGI4RC18,PE,2024-11-11,41,5,9
3tt9i3Hhzq84dPS8H7iSiJ,PE,2024-11-11,42,2,7
4YnmQG1fnJR9LnTZtix70T,PE,2024-11-11,43,7,3
29r4y4g1gM4INIk8anytuQ,PE,2024-11-11,44,5,-3
2esZG2XFtuoWWA9AfDvSxy,PE,2024-11-11,45,3,-7
5RqSsdzTNPX1uzkmlHCFvK,PE,2024-11-11,46,1,2
54zcJnb3tp9c5OVKREZ1Is,PE,2024-11-11,47,-4,-10
1AddbBdKFz8wdqatGVSsYS,PE,2024-11-11,48,2,-13
0Qe2g06yzLBuuSvVmFiweP,PE,2024-11-11,49,-9,1
13BDiikG6y5o5cQTK0HpW6,PE,2024-11-11,50,-11,-31
2FFr0vdtqPBTK3RW0c7T5C,PA,2024-11-11,1,0,1
5pVJ3IlnpIorU44oXizzG5,PA,2024-11-11,2,1,2
5QjmUqgpPQgXgg4606DqZF,PA,2024-11-11,3,-1,0
0Sr7ssScx54yxdM2ols7nW,PA,2024-11-11,4,0,2
60u6hcpH5Qm1M3xESdNBrB,PA,2024-11-11,5,0,2
71LrvCBBn4q500OuayF7OK,PA,2024-11-11,6,1,-1
6WatFBLVB0x077xWeoVc2k,PA,2024-11-11,7,2,2
0qeIFEGRQqHoaJtLCl0U73,PA,2024-11-11,8,0,3
0Qe2g06yzLBuuSvVmFiweP,PA,2024-11-11,9,-3,41
1fTjqf10accJCDYstPwwZ6,PA,2024-11-11,10,1,0
3mg9jYNC1NihbthlglzrWP,PA,2024-11-11,11,-1,39
7bywjHOc0wSjGGbj04XbVi,PA,2024-11-11,12,0,4
6a9Z1jUms915w4O7N1PxjY,PA,2024-11-11,13,0,-5
2plbrEY59IikOBgBGLjaoe,PA,2024-11-11,14,0,3
18D77Y4jjTwk4IASWhzJNP,PA,2024-11-11,15,0,4
1cOboCuWYI2osTOfolMRS6,PA,2024-11-11,16,0,4
3OJDtCdYs8QJnui708tEU3,PA,2024-11-11,17,2,1
4RPeZbmVON5ZKT5HC9wALt,PA,2024-11-11,18,0,7
5vNRhkKd0yEAg8suGBpjeY,PA,2024-11-11,19,1,4
2btNsI4OvcVl7SAHQQDHFB,PA,2024-11-11,20,-3,-6
2gmd7lY3QSzLh0xIY4cRvi,PA,2024-11-11,21,0,5
4zf7VxEF3GMizhklbgXYLR,PA,2024-11-11,22,0,2
7iQXYTyuG13aoeHxGG28Nh,PA,2024-11-11,23,0,6
505v13epFXodT9fVAJ6h8k,PA,2024-11-11,24,3,7
6dOtVTDdiauQNBQEDOtlAB,PA,2024-11-11,25,-1,7
4iRHjxLojZsyclcODm5NOv,PA,2024-11-11,26,-1,9
2CeKVsFFXG4QzA415QygGb,PA,2024-11-11,27,8,23
64TFVyPOGaCWHOZyTEIqJv,PA,2024-11-11,28,-2,22
3QBxB5xZL0yeRDr8gZym4r,PA,2024-11-11,29,-1,4
7ABLbnD53cQK00mhcaOUVG,PA,2024-11-11,30,0,11
3tt9i3Hhzq84dPS8H7iSiJ,PA,2024-11-11,31,5,14
03IpZ9yqJlo3EIgDQUgBSF,PA,2024-11-11,32,-1,11
2J9B63FawlTaPdg4eH5X03,PA,2024-11-11,33,0,-12
4YnmQG1fnJR9LnTZtix70T,PA,2024-11-11,34,3,10
4bw8mcDUSRWfQo63ZTYRnU,PA,2024-11-11,35,-3,-5
3JXGcoxUTyBU7AYdpsLdH6,PA,2024-11-11,36,-7,0
5RqSsdzTNPX1uzkmlHCFvK,PA,2024-11-11,37,2,2
7JHUlJCUhUvMLNGsrDf4K1,PA,2024-11-11,38,5,12
2KslE17cAJNHTsI2MI0jb2,PA,2024-11-11,39,11,11
5Y0ZwhwMEQ7NIb5PeAp0YI,PA,2024-11-11,40,10,10
3AXw3pd7KHGSogprPSxrMh,PA,2024-11-11,41,1,-7
2BCvThQQ4SDX9OrG2M9tcn,PA,2024-11-11,42,8,8
3Nqc7BFu9MmNmFRpDTC6vJ,PA,2024-11-11,43,1,5
27ze5t5tIDPlVits0KRbxT,PA,2024-11-11,44,-10,-17
7JwdbqIpiuWvGbRryKSuBz,PA,2024-11-11,45,5,5
4zbEItKoaRId1vRZkoO0Uh,PA,2024-11-11,46,-8,4
5IWsYLhoYS1kTaMh2bVnhz,PA,2024-11-11,47,-6,-1
3wMxU6KYZ89HhYSBoJe78M,PA,2024-11-11,48,2,2
4lFnfbRhGSpTm17XKGcXs6,PA,2024-11-11,49,1,-12
3F5xUtUiSC6W1CDIwC3jnc,PA,2024-11-11,50,-2,-3
2plbrEY59IikOBgBGLjaoe,NZ,2024-11-11,1,0,0
5vNRhkKd0yEAg8suGBpjeY,NZ,2024-11-11,2,0,0
7ne4VBA60CxGM75vw0EYad,NZ,2024-11-11,3,0,4
6dOtVTDdiauQNBQEDOtlAB,NZ,2024-11-11,4,0,-1
2262bWmqomIaJXwCRHr13j,NZ,2024-11-11,5,1,0
5G2f63n7IPVPPjfNIGih7Q,NZ,2024-11-11,6,-1,-2
2HRqTpkrJO5ggZyyK6NPWz,NZ,2024-11-11,7,0,2
5fZJQrFKWQLb7FpJXZ1g7K,NZ,2024-11-11,8,0,0
3xkHsmpQCBMytMJNiDf3Ii,NZ,2024-11-11,9,1,1
17phhZDn6oGtzMe56NuWvj,NZ,2024-11-11,10,-1,1
0WbMK4wrZ1wFSty9F7FCgu,NZ,2024-11-11,11,1,1
19XpFsce28aByvCC4g89tJ,NZ,2024-11-11,12,-1,38
0ofHAoxe9vBkTCp2UQIavz,NZ,2024-11-11,13,1,3
1Es7AUAhQvapIcoh3qMKDL,NZ,2024-11-11,14,-1,4
5IZXB5IKAD2qlvTPJYDCFB,NZ,2024-11-11,15,1,4
3AJwUDP919kvQ9QcozQPxg,NZ,2024-11-11,16,3,18
3QaPy1KgI7nu9FJEQUgn6h,NZ,2024-11-11,17,0,9
2tHwzyyOLoWSFqYNjeVMzj,NZ,2024-11-11,18,0,-1
2uqYupMHANxnwgeiXTZXzd,NZ,2024-11-11,19,-4,1
1UHS8Rf6h5Ar3CDWRd3wjF,NZ,2024-11-11,20,1,1
51rfRCiUSvxXlCSCfIztBy,NZ,2024-11-11,21,1,6
1QoyuMHNBe7lg3YW4Qtll4,NZ,2024-11-11,22,-2,-16
3Vr3zh0r7ALn8VLqCiRR10,NZ,2024-11-11,23,0,1
5AJ9hqTS2wcFQCELCFRO7A,NZ,2024-11-11,24,0,-2
4xdBrk0nFZaP54vvZj0yx7,NZ,2024-11-11,25,4,7
3zBhihYUHBmGd2bcQIobrF,NZ,2024-11-11,26,7,24
3WMj8moIAXJhHsyLaqIIHI,NZ,2024-11-11,27,5,10
42VsgItocQwOQC3XWZ8JNA,NZ,2024-11-11,28,0,-14
0KKkJNfGyhkQ5aFogxQAPU,NZ,2024-11-11,29,1,12
6Qyc6fS4DsZjB2mRW9DsQs,NZ,2024-11-11,30,1,20
3dj4wgM3cPeuLwMNHDuBon,NZ,2024-11-11,31,-6,11
0mflMxspEfB0VbI1kyLiAv,NZ,2024-11-11,32,2,12
51eSHglvG1RJXtL3qI5trr,NZ,2024-11-11,33,-6,-5
2LawezPeJhN4AWuSB0GtAU,NZ,2024-11-11,34,16,16
3HrHhTWonBqF4mDasi8xvC,NZ,2024-11-11,35,-9,-2
5RKQ5NdjSh2QzD4MaunT91,NZ,2024-11-11,36,0,0
1mea3bSkSGXuIRvnydlB5b,NZ,2024-11-11,37,13,13
3d9DChrdc6BOeFsbrZ3Is0,NZ,2024-11-11,38,2,12
4KULAymBBJcPRpk1yO4dOG,NZ,2024-11-11,39,3,11
6RUKPb4LETWmmr3iAEQktW,NZ,2024-11-11,40,10,10
7G7tgVYORlDuVprcYHuFJh,NZ,2024-11-11,41,6,9
2uXlHCUbq9OMUwx3hrk06o,NZ,2024-11-11,42,-4,-17
1k2pQc5i348DCHwbn5KTdc,NZ,2024-11-11,43,6,7
7Ar4G7Ci11gpt6sfH9Cgz5,NZ,2024-11-11,44,-1,6
0io16MKpbeDIdYzmGpQaES,NZ,2024-11-11,45,-6,-6
0VaeksJaXy5R1nvcTMh3Xk,NZ,2024-11-11,46,-9,-31
7hR22TOX3RorxJPcsz5Wbo,NZ,2024-11-11,47,-2,3
3fqwjXwUGN6vbzIwvyFMhx,NZ,2024-11-11,48,2,2
1XBYiRV30ykHw5f4wm6qEn,NZ,2024-11-11,49,-3,-4
0h3Xy4V4apMraB5NuM8U7Z,NZ,2024-11-11,50,-6,0
7px3lmdf4nzNEMt6zaQ5yJ,NO,2024-11-11,1,0,0
7ne4VBA60CxGM75vw0EYad,NO,2024-11-11,2,0,5
2QyL2WhZmOfpVSxy2BaI8U,NO,2024-11-11,3,0,-1
2262bWmqomIaJXwCRHr13j,NO,2024-11-11,4,0,-1
2plbrEY59IikOBgBGLjaoe,NO,2024-11-11,5,0,-1
3xSZnZx5QTf1qspnYd1Z9Z,NO,2024-11-11,6,0,2
5vNRhkKd0yEAg8suGBpjeY,NO,2024-11-11,7,2,3
7hR22TOX3RorxJPcsz5Wbo,NO,2024-11-11,8,-1,-3
51rfRCiUSvxXlCSCfIztBy,NO,2024-11-11,9,-1,2
6dOtVTDdiauQNBQEDOtlAB,NO,2024-11-11,10,0,-4
3nHuKdFJZm78CoeBnDcFKe,NO,2024-11-11,11,1,20
5fZJQrFKWQLb7FpJXZ1g7K,NO,2024-11-11,12,2,-3
5G2f63n7IPVPPjfNIGih7Q,NO,2024-11-11,13,0,-1
4Vrbv4EQ5kAsupUZRHHQvQ,NO,2024-11-11,14,-3,8
3zylEBiAOPq3OBBdtpB5M4,NO,2024-11-11,15,0,4
6XkqKHyHdIKBZC8qeMHsPv,NO,2024-11-11,16,0,-3
2HRqTpkrJO5ggZyyK6NPWz,NO,2024-11-11,17,1,0
17phhZDn6oGtzMe56NuWvj,NO,2024-11-11,18,-1,0
4u6STUR9fsBQozW1S40BTN,NO,2024-11-11,19,2,-4
0fFMt9cc1EEQDIWLGDcqKd,NO,2024-11-11,20,-1,-4
3xkHsmpQCBMytMJNiDf3Ii,NO,2024-11-11,21,2,0
1Es7AUAhQvapIcoh3qMKDL,NO,2024-11-11,22,-2,10
2uqYupMHANxnwgeiXTZXzd,NO,2024-11-11,23,3,2
3QaPy1KgI7nu9FJEQUgn6h,NO,2024-11-11,24,3,14
3LKrHeYXOEKNQQVl9auofC,NO,2024-11-11,25,10,-2
4xqPNwRkLyiiV2oqju92ie,NO,2024-11-11,26,-4,7
6RoSerWCwfdjlRxACcV5r7,NO,2024-11-11,27,1,-13
5IZXB5IKAD2qlvTPJYDCFB,NO,2024-11-11,28,1,-2
0WbMK4wrZ1wFSty9F7FCgu,NO,2024-11-11,29,1,0
0bYg9bo50gSsH3LtXe2SQn,NO,2024-11-11,30,12,20
3hRV0jL3vUpRrcy398teAU,NO,2024-11-11,31,-7,-11
0w2rnChlsC41RjhxBFwufW,NO,2024-11-11,32,-7,-4
1LY3GhF0zxIVgbYEQjCbUO,NO,2024-11-11,33,3,2
2T137G2j4il2iSc2md900S,NO,2024-11-11,34,-3,-7
2tHwzyyOLoWSFqYNjeVMzj,NO,2024-11-11,35,2,-1
7uoFMmxln0GPXQ0AcCBXRq,NO,2024-11-11,36,13,14
4KULAymBBJcPRpk1yO4dOG,NO,2024-11-11,37,1,4
43MYhAw47PmHz31xY3mdrI,NO,2024-11-11,38,-6,-14
1K1MXnB7zbeouWZ0B6wlsf,NO,2024-11-11,39,-5,3
19XpFsce28aByvCC4g89tJ,NO,2024-11-11,40,5,3
3pmaB3cwb4XWRX7aA65ez0,NO,2024-11-11,41,-2,9
1tZcMZuND8iYAkE1aoz1rQ,NO,2024-11-11,42,-1,8
19188WQf2DrNMfI1XLDnYF,NO,2024-11-11,43,0,-7
06qMRF18gwbOYYbnP2du6i,NO,2024-11-11,44,6,6
7uAgfJh0XZWxHYHEf8Y3Ti,NO,2024-11-11,45,-5,4
7c9gD7aefFGPnVgZke7raf,NO,2024-11-11,46,4,-6
3Vr3zh0r7ALn8VLqCiRR10,NO,2024-11-11,47,3,3
0ydx75YiFzLjjQknKFNFwt,NO,2024-11-11,48,-2,2
1XBYiRV30ykHw5f4wm6qEn,NO,2024-11-11,49,-2,1
7qky42Br09C4K93lYdAXAs,NO,2024-11-11,50,-17,0
1b6G5YNi5akoOpwlqnulH8,NL,2024-11-11,1,0,0
2plbrEY59IikOBgBGLjaoe,NL,2024-11-11,2,0,0
0vrKBjEBQAVn3sdhIXmpHE,NL,2024-11-11,3,1,47
7ne4VBA60CxGM75vw0EYad,NL,2024-11-11,4,-1,18
2K7HqkHEUfz7c4BzEO33Qd,NL,2024-11-11,5,2,1
3nHuKdFJZm78CoeBnDcFKe,NL,2024-11-11,6,0,1
6dOtVTDdiauQNBQEDOtlAB,NL,2024-11-11,7,2,-3
6eldmQ56gAtXN55c7MuH8N,NL,2024-11-11,8,-3,-3
2262bWmqomIaJXwCRHr13j,NL,2024-11-11,9,-1,-1
5G2f63n7IPVPPjfNIGih7Q,NL,2024-11-11,10,0,-1
4MSj19TwYBLgDFj3ddEeco,NL,2024-11-11,11,1,0
5fZJQrFKWQLb7FpJXZ1g7K,NL,2024-11-11,12,7,2
51rfRCiUSvxXlCSCfIztBy,NL,2024-11-11,13,3,7
6ifKXZTqAuLA35TGCVuGBU,NL,2024-11-11,14,8,1
1bJRd2ey6ER7neSxZwYdAG,NL,2024-11-11,15,2,1
1BJJbSX6muJVF2AK7uH1x4,NL,2024-11-11,16,2,-6
4xTjO1NgHBEbINFUQ9Kgao,NL,2024-11-11,17,17,2
5nPbKG04fhLkIAjcPFaZq7,NL,2024-11-11,18,3,0
02nm2yGw7BygWmRcbFhAlC,NL,2024-11-11,19,10,-6
5o0osRx8kYJTOqlOSggr9Z,NL,2024-11-11,20,0,8
6WatFBLVB0x077xWeoVc2k,NL,2024-11-11,21,3,0
1sqe31TzOsjCeex1INgmsq,NL,2024-11-11,22,18,28
2AeMy7dwvoPuof6xDmncUP,NL,2024-11-11,23,4,-6
31EsbpCFl01yQtLncNdjSz,NL,2024-11-11,24,4,-12
7nFkuKdjETGOdIZDBL78ou,NL,2024-11-11,25,-14,25
7DGeMF5q4UHXYyElvAiO2j,NL,2024-11-11,26,-3,-3
2rpIkmBVX8wCsGcJytW9IY,NL,2024-11-11,27,-13,23
3Vr3zh0r7ALn8VLqCiRR10,NL,2024-11-11,28,-2,-3
1LY3GhF0zxIVgbYEQjCbUO,NL,2024-11-11,29,2,-5
47tS35fPyJjIHLk95OBeHc,NL,2024-11-11,30,-17,20
17phhZDn6oGtzMe56NuWvj,NL,2024-11-11,31,2,1
7GWU6dQFjYF5YpsAUwZfGq,NL,2024-11-11,32,3,3
6VkzZ0I0w2CE3EIGbyMeeu,NL,2024-11-11,33,-3,-3
5650jkmPhrqy7sdXQ9O9mL,NL,2024-11-11,34,4,4
5vNRhkKd0yEAg8suGBpjeY,NL,2024-11-11,35,6,4
6vDxjNLrehdIkaHQ8nMkaF,NL,2024-11-11,36,-4,-10
3QaPy1KgI7nu9FJEQUgn6h,NL,2024-11-11,37,-1,5
2HRqTpkrJO5ggZyyK6NPWz,NL,2024-11-11,38,4,-4
0CVFLeX7D7K204cXJ6nxCH,NL,2024-11-11,39,-24,11
1HGov7XAwy9vx6upqGvPEc,NL,2024-11-11,40,-3,-9
2fnhMzGEEPKvFtExQ3FMMo,NL,2024-11-11,41,-2,-8
3xkHsmpQCBMytMJNiDf3Ii,NL,2024-11-11,42,2,3
0rtDE9zfXbamTlRUSwY7zy,NL,2024-11-11,43,0,-7
6Fws1gQYhr2S71ANIgzUxv,NL,2024-11-11,44,-19,6
6xX6zmaXeKzB4u9TiM1XgU,NL,2024-11-11,45,1,-8
4pkb8SbRGeHAvdb87v9rpf,NL,2024-11-11,46,1,-2
2C2vSufLm1wLq2GjDH3iMh,NL,2024-11-11,47,3,3
7sEe6B2uzEziUaMAszvnF7,NL,2024-11-11,48,0,-7
2hIFhSltVcRU1oJ3kf8Zy4,NL,2024-11-11,49,1,-6
0bYg9bo50gSsH3LtXe2SQn,NL,2024-11-11,50,0,0
7tI8dRuH2Yc6RuoTjxo4dU,NI,2024-11-11,1,0,1
1cOboCuWYI2osTOfolMRS6,NI,2024-11-11,2,0,1
2Bhmj4XK33InfhqKPxcJ1v,NI,2024-11-11,3,47,11
6X6m4xmdFcz31p1h7Qg68c,NI,2024-11-11,4,3,0
27ze5t5tIDPlVits0KRbxT,NI,2024-11-11,5,-1,2
0Sr7ssScx54yxdM2ols7nW,NI,2024-11-11,6,-1,0
0HDHY6RSHHG2ZTE0cMT4GJ,NI,2024-11-11,7,-1,16
0qeIFEGRQqHoaJtLCl0U73,NI,2024-11-11,8,0,-3
7bywjHOc0wSjGGbj04XbVi,NI,2024-11-11,9,1,1
6WatFBLVB0x077xWeoVc2k,NI,2024-11-11,10,-1,-1
5QjmUqgpPQgXgg4606DqZF,NI,2024-11-11,11,2,2
0BiDnJFB3TlRB6aji7jUz3,NI,2024-11-11,12,3,5
0O3U5iwTbiXCREMkvotJuN,NI,2024-11-11,13,-1,11
2MioxSroS0g1mi24LLfcnq,NI,2024-11-11,14,36,35
4khWEpnaijN0G1x019Uzdr,NI,2024-11-11,15,31,35
2plbrEY59IikOBgBGLjaoe,NI,2024-11-11,16,-2,0
1mlGScrDQqHqmhdIqE8MmA,NI,2024-11-11,17,32,33
1C84d9abZVKWHT2YYpoean,NI,2024-11-11,18,2,-7
6HrALJOMsfPCCbUo5cJCON,NI,2024-11-11,19,0,-1
7JwdbqIpiuWvGbRryKSuBz,NI,2024-11-11,20,30,30
5AH31dDNgxCMGDdxubNNn4,NI,2024-11-11,21,6,5
4bw8mcDUSRWfQo63ZTYRnU,NI,2024-11-11,22,-1,-10
71iAechwVKGu26pahzFL0k,NI,2024-11-11,23,27,27
6G4U9avyBNEfP0fAIduev3,NI,2024-11-11,24,1,26
6I86RF3odBlcuZA9Vfjzeq,NI,2024-11-11,25,-9,-6
5lKFO0PrOC9jmOlPEdjHsL,NI,2024-11-11,26,-3,-5
217bRMES4HVbPdUe8l8ECN,NI,2024-11-11,27,23,23
0fea68AdmYNygeTGI4RC18,NI,2024-11-11,28,2,2
2aYZaN5SmkRDLsrrV8GkBQ,NI,2024-11-11,29,-7,-14
5PycBIeabfvX3n9ILG7Vrv,NI,2024-11-11,30,-6,-3
5LhI8m7n8xlQmNe3b7Rwis,NI,2024-11-11,31,-5,-3
6a9Z1jUms915w4O7N1PxjY,NI,2024-11-11,32,-1,-10
2CspwnypzT7rcWI9RfsoSb,NI,2024-11-11,33,6,17
2CeKVsFFXG4QzA415QygGb,NI,2024-11-11,34,2,9
1iLv1ieT9BZ3qsti9yTCnG,NI,2024-11-11,35,-2,7
2yzshFeBIwH8tWIqHEFLeD,NI,2024-11-11,36,-2,-2
1SaEt8dwTuLDzenUu5BqI6,NI,2024-11-11,37,-5,13
6j5LtifAnuTjTYvml61yFZ,NI,2024-11-11,38,-9,-13
5pVJ3IlnpIorU44oXizzG5,NI,2024-11-11,39,-4,-6
3fJHbMUnzceimOnNjp63fF,NI,2024-11-11,40,0,-4
2pIIRKRwWSi1Sb29VYLOOa,NI,2024-11-11,41,9,9
0cubEBmB9wjsdBwXNFmzFy,NI,2024-11-11,42,8,8
79MlVxKj43tDISSISiVHJM,NI,2024-11-11,43,7,7
1fTjqf10accJCDYstPwwZ6,NI,2024-11-11,44,-6,-9
7M6CFruBrM5x7u0lTMtm6r,NI,2024-11-11,45,5,5
7iQXYTyuG13aoeHxGG28Nh,NI,2024-11-11,46,1,-15
5vNRhkKd0yEAg8suGBpjeY,NI,2024-11-11,47,-4,-9
6uIIdjYTxxpWOyWuVXrKQO,NI,2024-11-11,48,2,-4
4mIc3AQWkqLb2LVjkVKv4K,NI,2024-11-11,49,1,1
2vmfvSoZBFAt9hhRoEByLi,NI,2024-11-11,50,-6,0
6e0YUaVAfDxUabmybOjguy,NG,2024-11-11,1,0,0
771KDfpsOtJPQmocQpMdkR,NG,2024-11-11,2,0,1
10y7iW3rc8bzGbhAC3mNPA,NG,2024-11-11,3,1,5
6XBIOtdSL47qn201KKNCA0,NG,2024-11-11,4,3,2
1136eJrkWsDvReASbjLTaU,NG,2024-11-11,5,1,0
2nYeyMeqYDiFSYYtl2BWD6,NG,2024-11-11,6,-1,-4
2GSK9VfsKWpVOV6ZzKiMA4,NG,2024-11-11,7,1,4
3MldGIMtPcupNBI4Dnxolr,NG,2024-11-11,8,1,-1
4KZMoDuxwSYP63bhbnMqe3,NG,2024-11-11,9,-6,0
13VXuHw3O8Yt7VwRIDqSo4,NG,2024-11-11,10,0,3
2qdwZPTNCHb8DXfQin53WK,NG,2024-11-11,11,2,1
5V24zNpUfkiMx5eWYXXCHN,NG,2024-11-11,12,-1,4
5Wxkvvb6pLky16pwq4gBI3,NG,2024-11-11,13,-1,1
7fA7mrYaXVDVVGCAV65NRN,NG,2024-11-11,14,3,4
7I6n8YzpPmbpVwElH9fi5Q,NG,2024-11-11,15,1,-5
7BOgyrWA7OURpdJ9YksRFR,NG,2024-11-11,16,2,33
2irQkcW7o3v0tZoGZrtUsO,NG,2024-11-11,17,2,-2
5hphSVebVxTpDfrk09W0hS,NG,2024-11-11,18,-3,-1
63sgKgx5GSfmQYrCTCWM9O,NG,2024-11-11,19,-5,31
1oFabnkoJ01ksmSmyjELDl,NG,2024-11-11,20,0,-1
2825Zwd0EnzzDxFOhDsRQC,NG,2024-11-11,21,0,-1
7ySC0IjVS1PMEdsZOvsUK2,NG,2024-11-11,22,3,1
3H2bLX6U4kNuv04iTkCrSp,NG,2024-11-11,23,9,20
0Q1bMs3xLQiDEeaneehdxv,NG,2024-11-11,24,4,-3
4Tgt15dD8P2m68HYxA8DCG,NG,2024-11-11,25,13,11
52Krs3LCqtcfeiWUvhxncK,NG,2024-11-11,26,5,0
3n7kzSJ246VvIe4lRmxV9X,NG,2024-11-11,27,2,23
0CbmiJiGy6sN4RJ75mJthR,NG,2024-11-11,28,2,-6
1Ss5QjczHsdYkvNsiBmoqS,NG,2024-11-11,29,5,-5
46oyXrPbCSbk0TLJ1f7w6K,NG,2024-11-11,30,5,3
2lJ0B3dBT7nv0uNvu1zY8J,NG,2024-11-11,31,5,4
2LP8KwtvzUx1onvXKQCoKR,NG,2024-11-11,32,12,13
1qxKva4IzWde7m2jLpZvDU,NG,2024-11-11,33,4,-4
7jDMQi5XZooBgF5i7m3DBo,NG,2024-11-11,34,5,0
6wN5G9LhuljafQRHzb4K6s,NG,2024-11-11,35,-12,15
4G5IYu1QYKo7DeSecKtNXA,NG,2024-11-11,36,5,10
5FzsdlFgAFN1aSe9YwoN6s,NG,2024-11-11,37,10,-6
2WHM3orrvvqziSkG0xp8sy,NG,2024-11-11,38,4,2
16iNDnZBlHEDPg8ZBAX9LC,NG,2024-11-11,39,1,-7
5oUDNEJSEjsVT7LeWya4Gv,NG,2024-11-11,40,6,7
4mYrASGvrm2xBWQskhg2P3,NG,2024-11-11,41,2,3
2YNLzBRGyCAzHEGPO3J2Sb,NG,2024-11-11,42,3,-12
5KEySaLmNVT2DjB7qgKsHX,NG,2024-11-11,43,-16,7
75c5cm8y5Fzb6aTZM3MOpN,NG,2024-11-11,44,-11,-16
0UJMgRVNBrnMmAeZ8p1iMc,NG,2024-11-11,45,-19,-18
1SDOo6cNNrvarL9wqEVAJT,NG,2024-11-11,46,4,-4
0CK6SBXMBAW2iTtlrdmutY,NG,2024-11-11,47,-25,3
6IEYlownuHoYdpMikoyj58,NG,2024-11-11,48,0,2
7vKXc90NT5WBm3UTT4iTVG,NG,2024-11-11,49,0,-8
5ZtK8XAVnoaGdBXZWCEVCY,NG,2024-11-11,50,0,0
5vNRhkKd0yEAg8suGBpjeY,MY,2024-11-11,1,0,0
2plbrEY59IikOBgBGLjaoe,MY,2024-11-11,2,0,0
6dOtVTDdiauQNBQEDOtlAB,MY,2024-11-11,3,0,0
3QaPy1KgI7nu9FJEQUgn6h,MY,2024-11-11,4,0,2
0TRKtVvsVmOkXCvnq5AgNE,MY,2024-11-11,5,0,-1
2CspwnypzT7rcWI9RfsoSb,MY,2024-11-11,6,0,-1
1MUZitHRpmng5NevrvNx4T,MY,2024-11-11,7,0,16
3yDRcs0Y4pPzkvMbUfeF9H,MY,2024-11-11,8,0,-1
2gcMYiZzzmzoF8PPAfL3IO,MY,2024-11-11,9,0,7
7BgFlmOxrL7M1jVGoxqy37,MY,2024-11-11,10,0,3
67C6LHREqmytK923Ak6R0I,MY,2024-11-11,11,4,1
7tI8dRuH2Yc6RuoTjxo4dU,MY,2024-11-11,12,1,6
51ZQ1vr10ffzbwIjDCwqm4,MY,2024-11-11,13,1,1
5G2f63n7IPVPPjfNIGih7Q,MY,2024-11-11,14,-3,1
0KKkJNfGyhkQ5aFogxQAPU,MY,2024-11-11,15,2,13
6twyTAZjH3ap9GFkGukraz,MY,2024-11-11,16,0,11
2HRqTpkrJO5ggZyyK6NPWz,MY,2024-11-11,17,-5,-6
7CyPwkp0oE8Ro9Dd5CUDjW,MY,2024-11-11,18,0,-1
0hlZ8daapg8QHpHsDyaqbg,MY,2024-11-11,19,10,0
7ne4VBA60CxGM75vw0EYad,MY,2024-11-11,20,-1,30
26cvTWJq2E1QqN4jyH2OTU,MY,2024-11-11,21,4,11
6aJn7Cst74cj4lNIiPRgav,MY,2024-11-11,22,-1,-1
6i9Ci0IN1q1GcnhdbKU7kZ,MY,2024-11-11,23,1,13
7BqBn9nzAq8spo5e7cZ0dJ,MY,2024-11-11,24,-2,11
7Cnpb1vBbC46RgVyyKLH7p,MY,2024-11-11,25,-5,-5
6EIMUjQ7Q8Zr2VtIUik4He,MY,2024-11-11,26,-3,-2
3OTbh1VVrhebUzDor9r4pH,MY,2024-11-11,27,0,2
5XeFesFbtLpXzIVDNQP22n,MY,2024-11-11,28,0,-3
5O2P9iiztwhomNh8xkR9lJ,MY,2024-11-11,29,-3,-21
0QzuaeCEEOV40Pn7IvKEny,MY,2024-11-11,30,1,-20
6mQLN3zRtAp6ovjusyYKrV,MY,2024-11-11,31,-1,16
2tHwzyyOLoWSFqYNjeVMzj,MY,2024-11-11,32,1,-6
3FwQ3RYYEekzjEeL3jdpUZ,MY,2024-11-11,33,6,17
3vkCueOmm7xQDoJ17W1Pm3,MY,2024-11-11,34,3,8
5Y35SjAfXjjG0sFQ3KOxmm,MY,2024-11-11,35,-1,-13
0WbMK4wrZ1wFSty9F7FCgu,MY,2024-11-11,36,-1,-6
1Qrg8KqiBpW07V7PNxwwwL,MY,2024-11-11,37,3,-28
4XsJiRJQAK8TWcZCn0Dxlh,MY,2024-11-11,38,-6,-1
1DVHCvTwuwtZrpYDV4irH5,MY,2024-11-11,39,5,-6
2DbDefRFJ5YOfXCKOeCJJh,MY,2024-11-11,40,-4,10
3qhlB30KknSejmIvZZLjOD,MY,2024-11-11,41,2,-3
1Es7AUAhQvapIcoh3qMKDL,MY,2024-11-11,42,-4,1
3AJwUDP919kvQ9QcozQPxg,MY,2024-11-11,43,5,7
5g7sDjBhZ4I3gcFIpkrLuI,MY,2024-11-11,44,-2,-5
7d0k5WtISq16iBlNOPjhne,MY,2024-11-11,45,-4,5
68oey8CEp8hOD0ho0VsEqz,MY,2024-11-11,46,1,-6
21LtZQQMQYwVIxc9O9Ygq8,MY,2024-11-11,47,-2,-6
2262bWmqomIaJXwCRHr13j,MY,2024-11-11,48,1,0
2HRgqmZQC0MC7GeNuDIXHN,MY,2024-11-11,49,1,1
5sjnkOfTLCLNfkkchI2re2,MY,2024-11-11,50,-4,-5
1cOboCuWYI2osTOfolMRS6,MX,2024-11-11,1,0,0
6X6m4xmdFcz31p1h7Qg68c,MX,2024-11-11,2,0,0
5lKFO0PrOC9jmOlPEdjHsL,MX,2024-11-11,3,0,0
4OLT65TRsOx3Iv1TlCcQVb,MX,2024-11-11,4,0,0
6HrALJOMsfPCCbUo5cJCON,MX,2024-11-11,5,0,0
2lAUq68F2bt7Kc218n9FPp,MX,2024-11-11,6,0,1
2aYZaN5SmkRDLsrrV8GkBQ,MX,2024-11-11,7,0,-1
5LhI8m7n8xlQmNe3b7Rwis,MX,2024-11-11,8,0,3
5AH31dDNgxCMGDdxubNNn4,MX,2024-11-11,9,0,4
0BiDnJFB3TlRB6aji7jUz3,MX,2024-11-11,10,1,0
7AysIqSEDiwP4CUsAXJwrk,MX,2024-11-11,11,1,5
4ZOkfHC38nxSeSqzGE5HFr,MX,2024-11-11,12,-2,0
02cRoSfWU3RJNFyU3o4lhV,MX,2024-11-11,13,0,2
1cZHUhGz7xJ8c4szDipipd,MX,2024-11-11,14,0,0
3IEvQ1CzszUJtTRLmmMJ2X,MX,2024-11-11,15,0,6
7qXptgpZGo8AFPhJCBVLFE,MX,2024-11-11,16,0,3
41EOhpn50qvd8iZSKw531W,MX,2024-11-11,17,1,1
1C84d9abZVKWHT2YYpoean,MX,2024-11-11,18,2,-9
0O3U5iwTbiXCREMkvotJuN,MX,2024-11-11,19,0,15
1wsDxqEDpsvNCatbXHjOje,MX,2024-11-11,20,2,10
5GTBdEjZe7zEDp1N0eCZE4,MX,2024-11-11,21,0,2
6WatFBLVB0x077xWeoVc2k,MX,2024-11-11,22,-5,0
0zNMdrDEs5N0JPQ7RYQZln,MX,2024-11-11,23,1,18
2ss1LK5Kfnjo5EUaCbsgZM,MX,2024-11-11,24,2,0
0NsGFMIo2aNbAkJu48ndaf,MX,2024-11-11,25,4,25
03MqlviAY1kvFqdaGl5Mhg,MX,2024-11-11,26,6,24
6KOnLTb1xLfKDAjMC43I76,MX,2024-11-11,27,-2,-10
6RcAHyC5sAUIbPTkhOQwd8,MX,2024-11-11,28,-5,-20
7l3UuUZEqvxjhKYD2QBxOU,MX,2024-11-11,29,-2,-9
33Nj9AdncSmHbCN3QeSZTL,MX,2024-11-11,30,-2,-5
51qYdMBxt9mFbtZBzq1Yfi,MX,2024-11-11,31,2,-5
1uGUbgZuO1kD1JZ0UeFupN,MX,2024-11-11,32,-2,-5
6uIIdjYTxxpWOyWuVXrKQO,MX,2024-11-11,33,4,3
3FqUPvubYeRCMsdJ02QyZR,MX,2024-11-11,34,0,4
2plbrEY59IikOBgBGLjaoe,MX,2024-11-11,35,-4,-2
2HSqF98IZ3OIGVUHHUwGdV,MX,2024-11-11,36,0,3
1jIirpaACmgb4nTYfywys4,MX,2024-11-11,37,2,-2
7oJ3N7oVSwoa5sdpg6NCE6,MX,2024-11-11,38,-3,2
3w1h7uNU1Dfk2tOaHiIGat,MX,2024-11-11,39,7,11
0lQogzZgV4XwuUTasz3nPL,MX,2024-11-11,40,0,10
0hkoQgoqic1qQtxPOudmrx,MX,2024-11-11,41,6,2
2CshODtf7iwe3pKlPmEWF5,MX,2024-11-11,42,-1,-13
5vNRhkKd0yEAg8suGBpjeY,MX,2024-11-11,43,-1,1
0Sr7ssScx54yxdM2ols7nW,MX,2024-11-11,44,-6,2
29vIEdxgMT9H1fnBMecWjA,MX,2024-11-11,45,5,-3
0JDrG1g5HXbfgGtRKT0ofH,MX,2024-11-11,46,-3,-15
7kofJygFUxxmag4EAYcCG3,MX,2024-11-11,47,3,-19
7bywjHOc0wSjGGbj04XbVi,MX,2024-11-11,48,-4,2
3mg9jYNC1NihbthlglzrWP,MX,2024-11-11,49,-1,1
4bw8mcDUSRWfQo63ZTYRnU,MX,2024-11-11,50,-1,-13
2CgT7751h4Rply3vAkTYEk,MA,2024-11-11,1,0,0
1l21XzNeseGYg5fNhzTJWE,MA,2024-11-11,2,0,48
0wKhdPK4fHXRnOskjvgWqe,MA,2024-11-11,3,12,0
0bBDTxFPjtuWAdqLLq55u1,MA,2024-11-11,4,16,0
1b89rPpatX8ocTRgh78izN,MA,2024-11-11,5,-2,45
7cDD6fOmjVI5NN1krdQ9U2,MA,2024-11-11,6,10,-4
2wJaC2zP48AElKNUCV2tK1,MA,2024-11-11,7,-3,43
3Thycu4Wd5AwGFDYYWiioT,MA,2024-11-11,8,11,-3
0E7vM9JTF6RQ0Mb7cZmP8V,MA,2024-11-11,9,-2,41
0YZ2ANy2Hhf21koqFpph5F,MA,2024-11-11,10,13,-4
63TGFckfbvIcSTADS8VHUq,MA,2024-11-11,11,-3,39
4F4aAfFLWh5b6Ofwx48O46,MA,2024-11-11,12,-3,38
05pWfq3KOsY4TUmBnam3j7,MA,2024-11-11,13,-7,37
2HdScolhznqzKsBMfYvmBk,MA,2024-11-11,14,-9,36
2N0SPREDYqILVEFSsWF5N5,MA,2024-11-11,15,9,-2
05ICT99aBBJAehTRnIMQ7q,MA,2024-11-11,16,-5,34
1tofq4B2lvmSXVJliNzDnK,MA,2024-11-11,17,-7,33
5d54P8T7TXGwE2d0zyN3uu,MA,2024-11-11,18,7,-11
4knNlB73rkLODZU03Xjx7x,MA,2024-11-11,19,7,-10
0yvcSDx1WMdxnUHhqG7PEh,MA,2024-11-11,20,8,-8
2OkDSD6ZTzHGgYF4j10c0m,MA,2024-11-11,21,6,-13
5oN3cmVhKIeaQUX0ygMB1v,MA,2024-11-11,22,-10,28
4evsdR2hO8PGgM0Ln0UukA,MA,2024-11-11,23,-9,27
2w1DUdHe3zuu0c2OWzHQpw,MA,2024-11-11,24,-11,26
1dBv07ZgvsNBeQs2lJon6W,MA,2024-11-11,25,4,-15
3Dvhpf8dhIJQheE2nEtc50,MA,2024-11-11,26,-9,24
7tI8dRuH2Yc6RuoTjxo4dU,MA,2024-11-11,27,16,23
01GVrWU4CZgZyHFMShuQb1,MA,2024-11-11,28,2,-14
5zIWn80OKzpGDpg8y5SdGJ,MA,2024-11-11,29,-8,21
6hKkzk8UlVUj9ioPCyeH1O,MA,2024-11-11,30,1,-11
2HfjQWIHWBmEp2LocJsp11,MA,2024-11-11,31,4,-13
73fwmnYlCC3fF9CzEXgtFi,MA,2024-11-11,32,0,-17
1PlZpPgiBtPlB7uCAYa3ov,MA,2024-11-11,33,5,-11
5REou7BKcQgFUOe6tTUXBD,MA,2024-11-11,34,2,4
5AA6ny0PZ4dBw72q1JZcHV,MA,2024-11-11,35,5,-12
2rh4EGUcaSSSir82rbfoua,MA,2024-11-11,36,-3,-19
1cbM2kDlOZYtUjc5kAQnno,MA,2024-11-11,37,-15,13
2oMCQhVDHhzKEHk5rN6T1E,MA,2024-11-11,38,-4,-22
1BJJbSX6muJVF2AK7uH1x4,MA,2024-11-11,39,0,-18
3ejjmzEsUfObGdmmQRVmM2,MA,2024-11-11,40,-3,-10
2HQOumI8CH5kHB3V2ZHwnU,MA,2024-11-11,41,6,-8
7B0k8YTfKzj9BGVaLYXtub,MA,2024-11-11,42,3,-22
4Sf0D2p1XLbfnVAAFFLl0E,MA,2024-11-11,43,5,4
1eiL5AM3hsfhrmXkfSKlfj,MA,2024-11-11,44,-3,-20
66vq6Y7127n2GsdVU9PrPN,MA,2024-11-11,45,-27,5
20CeXYgWoJdheBiI89QgcK,MA,2024-11-11,46,-2,-10
5vNRhkKd0yEAg8suGBpjeY,MA,2024-11-11,47,2,-21
0PBTlQ84CBJF0tBnKGmQa6,MA,2024-11-11,48,-6,2
6Z6Z0DliiVFzhp3vLrvT1N,MA,2024-11-11,49,1,-15
2plbrEY59IikOBgBGLjaoe,MA,2024-11-11,50,0,-11
7hr8WWP56K2HDpAYRNU4Xo,LV,2024-11-11,1,3,2
7tI8dRuH2Yc6RuoTjxo4dU,LV,2024-11-11,2,0,6
2262bWmqomIaJXwCRHr13j,LV,2024-11-11,3,-2,-1
1Es7AUAhQvapIcoh3qMKDL,LV,2024-11-11,4,-1,0
5vNRhkKd0yEAg8suGBpjeY,LV,2024-11-11,5,2,6
6dOtVTDdiauQNBQEDOtlAB,LV,2024-11-11,6,-1,0
2plbrEY59IikOBgBGLjaoe,LV,2024-11-11,7,-1,3
3ZaEs1O8BG581qYPHpQ8d6,LV,2024-11-11,8,0,-1
0xGQTpN4ESETtl1Sp6rzd2,LV,2024-11-11,9,0,-4
1XBYiRV30ykHw5f4wm6qEn,LV,2024-11-11,10,0,2
3IZUwm8nYtVN6zqw9fa9W4,LV,2024-11-11,11,0,2
3JG1uFc40wfyrqaWC7iv0e,LV,2024-11-11,12,0,2
7ne4VBA60CxGM75vw0EYad,LV,2024-11-11,13,2,37
2QjOHCTQ1Jl3zawyYOpxh6,LV,2024-11-11,14,36,36
3QaPy1KgI7nu9FJEQUgn6h,LV,2024-11-11,15,3,13
1QoyuMHNBe7lg3YW4Qtll4,LV,2024-11-11,16,0,-7
2iaPKfLiVsnEFjqHYExHCW,LV,2024-11-11,17,-4,-1
0WbMK4wrZ1wFSty9F7FCgu,LV,2024-11-11,18,1,1
1qlXfJNWyNwIXYnlqmqV6u,LV,2024-11-11,19,4,4
3Ah0Zwh5MURTocMQtIgfLm,LV,2024-11-11,20,1,10
6tbEF9YpayX9uqAA5ezx1j,LV,2024-11-11,21,5,-4
6wB3XstB0c2yO2iMLKnCDg,LV,2024-11-11,22,2,12
15mI8eh3ke97hPb8gZQxyh,LV,2024-11-11,23,-6,8
2HRqTpkrJO5ggZyyK6NPWz,LV,2024-11-11,24,3,3
42VsgItocQwOQC3XWZ8JNA,LV,2024-11-11,25,0,-7
5ttWL4tsDft8CF0E1rAavp,LV,2024-11-11,26,-4,24
2PnlsTsOTLE5jnBnNe2K0A,LV,2024-11-11,27,-7,6
0io16MKpbeDIdYzmGpQaES,LV,2024-11-11,28,2,-4
2c7z5oRcPBbqRaBY2mLWcf,LV,2024-11-11,29,-1,0
0IsIY8pfu1yaGkPUD7pkDx,LV,2024-11-11,30,1,6
6QeYSvYqYUsfBzsApbjDHO,LV,2024-11-11,31,10,19
3nHuKdFJZm78CoeBnDcFKe,LV,2024-11-11,32,0,18
2aPTvyE09vUCRwVvj0I8WK,LV,2024-11-11,33,-4,7
5G2f63n7IPVPPjfNIGih7Q,LV,2024-11-11,34,-1,5
17phhZDn6oGtzMe56NuWvj,LV,2024-11-11,35,0,6
7BRD7x5pt8Lqa1eGYC4dzj,LV,2024-11-11,36,2,14
3xkHsmpQCBMytMJNiDf3Ii,LV,2024-11-11,37,5,6
3LWVXp636uLT356Rj08Jaz,LV,2024-11-11,38,12,12
2K7xn816oNHJZ0aVqdQsha,LV,2024-11-11,39,0,11
2uXlHCUbq9OMUwx3hrk06o,LV,2024-11-11,40,8,-14
76JKIsdKrAfWUMjaA0u7v5,LV,2024-11-11,41,9,9
4jvjzW7Hm0yK4LvvE0Paz9,LV,2024-11-11,42,-8,8
3iRoXGFrF8O0jTul6LAmus,LV,2024-11-11,43,2,7
0yc6Gst2xkRu0eMLeRMGCX,LV,2024-11-11,44,6,6
3qhlB30KknSejmIvZZLjOD,LV,2024-11-11,45,5,5
4S4QJfBGGrC8jRIjJHf1Ka,LV,2024-11-11,46,4,4
7KA4W4McWYRpgf0fWsJZWB,LV,2024-11-11,47,0,-27
1WbhIxkn5ECsOwUm795iX1,LV,2024-11-11,48,2,2
3HsWEpUnpzEITFJnbTyLTM,LV,2024-11-11,49,1,1
0QZ5yyl6B6utIWkxeBDxQN,LV,2024-11-11,50,0,0
2plbrEY59IikOBgBGLjaoe,LU,2024-11-11,1,0,3
6dOtVTDdiauQNBQEDOtlAB,LU,2024-11-11,2,0,3
5vNRhkKd0yEAg8suGBpjeY,LU,2024-11-11,3,1,3
3xkHsmpQCBMytMJNiDf3Ii,LU,2024-11-11,4,2,4
2PnlsTsOTLE5jnBnNe2K0A,LU,2024-11-11,5,-2,6
0yyFAbTlOk7DFhh6RSug9S,LU,2024-11-11,6,-1,6
6WatFBLVB0x077xWeoVc2k,LU,2024-11-11,7,1,6
5NWpquAje6NyvxD57oXNu6,LU,2024-11-11,8,-1,8
1BJJbSX6muJVF2AK7uH1x4,LU,2024-11-11,9,4,6
7ne4VBA60CxGM75vw0EYad,LU,2024-11-11,10,1,30
17phhZDn6oGtzMe56NuWvj,LU,2024-11-11,11,5,6
2HRqTpkrJO5ggZyyK6NPWz,LU,2024-11-11,12,6,8
5nPbKG04fhLkIAjcPFaZq7,LU,2024-11-11,13,-3,5
1Mzg6bu3hkCwJKEf7v49MN,LU,2024-11-11,14,-5,5
1cRtvrg3obMXE8ls9Zxv1G,LU,2024-11-11,15,2,-6
0xGQTpN4ESETtl1Sp6rzd2,LU,2024-11-11,16,-4,-9
3QaPy1KgI7nu9FJEQUgn6h,LU,2024-11-11,17,-2,8
2262bWmqomIaJXwCRHr13j,LU,2024-11-11,18,-4,3
5fZJQrFKWQLb7FpJXZ1g7K,LU,2024-11-11,19,10,3
3Vr3zh0r7ALn8VLqCiRR10,LU,2024-11-11,20,7,10
5G2f63n7IPVPPjfNIGih7Q,LU,2024-11-11,21,2,8
1Es7AUAhQvapIcoh3qMKDL,LU,2024-11-11,22,-1,4
5496lks6V3fh1mZAB6IAap,LU,2024-11-11,23,1,1
0WbMK4wrZ1wFSty9F7FCgu,LU,2024-11-11,24,1,3
5jX61gvbNenSDMldQrbtsU,LU,2024-11-11,25,-6,-2
7ifFhxRIvYbe4IuzIkY2Qi,LU,2024-11-11,26,-4,7
2esZG2XFtuoWWA9AfDvSxy,LU,2024-11-11,27,-1,1
0bYg9bo50gSsH3LtXe2SQn,LU,2024-11-11,28,22,22
3JG1uFc40wfyrqaWC7iv0e,LU,2024-11-11,29,1,6
0Qv6p0oRQqNZpQMqXcaI8F,LU,2024-11-11,30,-10,20
0rtDE9zfXbamTlRUSwY7zy,LU,2024-11-11,31,8,1
3nHuKdFJZm78CoeBnDcFKe,LU,2024-11-11,32,5,18
0io16MKpbeDIdYzmGpQaES,LU,2024-11-11,33,-1,1
3dj4wgM3cPeuLwMNHDuBon,LU,2024-11-11,34,-1,4
6JCjcuo4VKAP4bHhbHj6fe,LU,2024-11-11,35,-7,-4
19XpFsce28aByvCC4g89tJ,LU,2024-11-11,36,-2,0
42VsgItocQwOQC3XWZ8JNA,LU,2024-11-11,37,-1,0
7jtQIBanIiJOMS6RyCx6jZ,LU,2024-11-11,38,12,1
06qMRF18gwbOYYbnP2du6i,LU,2024-11-11,39,11,11
3fgehc497TFqKH1zBL2YNK,LU,2024-11-11,40,-9,1
60a0Rd6pjrkxjPbaKzXjfq,LU,2024-11-11,41,-3,9
0h3Xy4V4apMraB5NuM8U7Z,LU,2024-11-11,42,6,8
6C0SXfD7rR46MpWK5VJSEw,LU,2024-11-11,43,-2,-1
7dzuYJwwtNnfcptmbD58aJ,LU,2024-11-11,44,-2,6
2tT8SYE7NnNDKbBsHWPIDY,LU,2024-11-11,45,5,0
7DSAEUvxU8FajXtRloy8M0,LU,2024-11-11,46,4,4
2uqYupMHANxnwgeiXTZXzd,LU,2024-11-11,47,0,1
4MSj19TwYBLgDFj3ddEeco,LU,2024-11-11,48,2,2
6jElwivDtkQUv9QFGrdN26,LU,2024-11-11,49,-6,1
0cQVqPuHQP4KEwc7ZUQmj6,LU,2024-11-11,50,0,-7
2iYWspPgOWNEDkx7tSzD2Y,LT,2024-11-11,1,0,49
2p9Jb5GxSdQvCJ7zTBSuXK,LT,2024-11-11,2,0,-1
2262bWmqomIaJXwCRHr13j,LT,2024-11-11,3,0,0
7oT03aTBgEAC3MqizjLL71,LT,2024-11-11,4,3,1
7bi0RIjwiZ0r6HlW0Lb4eq,LT,2024-11-11,5,-1,1
1Es7AUAhQvapIcoh3qMKDL,LT,2024-11-11,6,0,1
2plbrEY59IikOBgBGLjaoe,LT,2024-11-11,7,2,2
3nHuKdFJZm78CoeBnDcFKe,LT,2024-11-11,8,0,8
6dOtVTDdiauQNBQEDOtlAB,LT,2024-11-11,9,1,1
5vNRhkKd0yEAg8suGBpjeY,LT,2024-11-11,10,1,1
0xGQTpN4ESETtl1Sp6rzd2,LT,2024-11-11,11,-6,-9
6EOpPeCBiBYF0yITU0VQwT,LT,2024-11-11,12,1,0
0dWhliZrU41gOE51Zgbbyz,LT,2024-11-11,13,4,0
3JG1uFc40wfyrqaWC7iv0e,LT,2024-11-11,14,-2,0
2JtsIAfAu4PFyjlk17Hg3M,LT,2024-11-11,15,-1,2
5GY1DG6DwtqCv7au849YRu,LT,2024-11-11,16,0,5
3QaPy1KgI7nu9FJEQUgn6h,LT,2024-11-11,17,2,7
1QoyuMHNBe7lg3YW4Qtll4,LT,2024-11-11,18,-3,-10
3ZaEs1O8BG581qYPHpQ8d6,LT,2024-11-11,19,-1,-4
3iPXj1hektr0Aj7S3I3txq,LT,2024-11-11,20,3,8
0RJHLXajHNw2QrvnT709yQ,LT,2024-11-11,21,11,5
7hUjUlcZyl9N6zWzqyYbjs,LT,2024-11-11,22,-2,-2
4MXAjSbfE8R8ugq99HKHUS,LT,2024-11-11,23,-1,26
1XBYiRV30ykHw5f4wm6qEn,LT,2024-11-11,24,-3,-6
5h3mQUgKYlSc3vzVxeqSMo,LT,2024-11-11,25,-1,-3
2HRgqmZQC0MC7GeNuDIXHN,LT,2024-11-11,26,24,24
0io16MKpbeDIdYzmGpQaES,LT,2024-11-11,27,2,-2
5WvEHyZk6m9ij0ajvvqXCa,LT,2024-11-11,28,-1,9
0WbMK4wrZ1wFSty9F7FCgu,LT,2024-11-11,29,-3,4
0cQVqPuHQP4KEwc7ZUQmj6,LT,2024-11-11,30,20,-11
46GIpYTmWhr5MEiwE02pYL,LT,2024-11-11,31,10,4
17phhZDn6oGtzMe56NuWvj,LT,2024-11-11,32,-4,4
2b7fifOlRxngkV3rwdqv7y,LT,2024-11-11,33,12,12
3iRoXGFrF8O0jTul6LAmus,LT,2024-11-11,34,0,5
2HRqTpkrJO5ggZyyK6NPWz,LT,2024-11-11,35,0,-3
3dj4wgM3cPeuLwMNHDuBon,LT,2024-11-11,36,-5,10
7ne4VBA60CxGM75vw0EYad,LT,2024-11-11,37,-4,13
2c7z5oRcPBbqRaBY2mLWcf,LT,2024-11-11,38,-13,-8
3lcUQs5nyrjoHpQR9Vo2aA,LT,2024-11-11,39,-2,11
2RPhv8h2qctj8PH1r4067D,LT,2024-11-11,40,4,10
7BRD7x5pt8Lqa1eGYC4dzj,LT,2024-11-11,41,-3,7
2qBns3n70EKZ8za48BJuad,LT,2024-11-11,42,1,5
19XpFsce28aByvCC4g89tJ,LT,2024-11-11,43,-4,-1
0IsIY8pfu1yaGkPUD7pkDx,LT,2024-11-11,44,-2,-4
1QQh28V0mXIl6GkXfFGs1P,LT,2024-11-11,45,-5,-11
1CoPFeke35DJySiGTZNSrx,LT,2024-11-11,46,4,-2
42VsgItocQwOQC3XWZ8JNA,LT,2024-11-11,47,3,-6
6QeYSvYqYUsfBzsApbjDHO,LT,2024-11-11,48,2,2
1F61F4SNfrF1kYVA6Hwpn5,LT,2024-11-11,49,1,1
09GXv3EvWDeNTPw2N9hjVf,LT,2024-11-11,50,-14,0
7tI8dRuH2Yc6RuoTjxo4dU,KZ,2024-11-11,1,0,0
2N0SPREDYqILVEFSsWF5N5,KZ,2024-11-11,2,0,1
5vNRhkKd0yEAg8suGBpjeY,KZ,2024-11-11,3,0,-1
2plbrEY59IikOBgBGLjaoe,KZ,2024-11-11,4,0,0
3nNKws5aNnTa3tgQOIS5Sk,KZ,2024-11-11,5,1,2
6hvPHIYi04pKv1vvTeVF9j,KZ,2024-11-11,6,1,-1
0PBTlQ84CBJF0tBnKGmQa6,KZ,2024-11-11,7,2,9
6bCLkzoE3agC7Ws9NxVxIn,KZ,2024-11-11,8,2,10
3qPi9H4HOdYIl9Lr4WPLJU,KZ,2024-11-11,9,-1,0
1jgFeioctc38E4VOoPz1nr,KZ,2024-11-11,10,1,5
5GKrcgAo9yOlKTfFcTEIbp,KZ,2024-11-11,11,-6,-5
4ExjsnUFdOejQZLk9aysrl,KZ,2024-11-11,12,0,-4
54w04Shxa9xRKJkZQp7uqB,KZ,2024-11-11,13,0,10
3QaPy1KgI7nu9FJEQUgn6h,KZ,2024-11-11,14,5,36
5XeFesFbtLpXzIVDNQP22n,KZ,2024-11-11,15,-1,-3
7IBqHkoP94VrgYKVns4eNz,KZ,2024-11-11,16,1,-5
0dY8qhMk6KOxw51j36GtlM,KZ,2024-11-11,17,-2,-7
7fUNykZZgRQJU43CWZr2XU,KZ,2024-11-11,18,4,-4
3EiBbNPtVWgh1ovHwWES0w,KZ,2024-11-11,19,-1,0
2knuxw8DMvP8iR8bNErIov,KZ,2024-11-11,20,-4,-3
3TNk8XjUz6uC2VvWbt6ru5,KZ,2024-11-11,21,-1,1
3g4l41KPIFXtylLRXruRdF,KZ,2024-11-11,22,-1,4
5h1BN75CEh8wdSwE1xrbSe,KZ,2024-11-11,23,9,8
3LWVXp636uLT356Rj08Jaz,KZ,2024-11-11,24,26,18
3TVa1q0P1yKc8nOmcyXMV9,KZ,2024-11-11,25,1,-1
41gRAnGJ3hyF0GLMe4Rx4h,KZ,2024-11-11,26,-1,-5
25MzUGleMnmyoeTNRZ8QF1,KZ,2024-11-11,27,6,6
6dOtVTDdiauQNBQEDOtlAB,KZ,2024-11-11,28,3,8
78KGC4jx5887hQpWEbaXK0,KZ,2024-11-11,29,-2,-9
0cQVqPuHQP4KEwc7ZUQmj6,KZ,2024-11-11,30,-7,-5
11gTRcdz4wK32fghA2vrX7,KZ,2024-11-11,31,-7,4
7CyPwkp0oE8Ro9Dd5CUDjW,KZ,2024-11-11,32,-4,-5
7mNVbhWniiLUgSOYgggNbT,KZ,2024-11-11,33,6,12
4T3ssJ7h388Hif7k1I3wUa,KZ,2024-11-11,34,0,12
7pMxLK5v1PLtqZqYRtnqqK,KZ,2024-11-11,35,-6,-5
2WTfb6QxijezJP8GYidHRo,KZ,2024-11-11,36,-1,-8
3EaJDYHA0KnX88JvDhL9oa,KZ,2024-11-11,37,-1,2
0LdDBjHLVBRzc9BY5wA030,KZ,2024-11-11,38,-8,-25
5i3H6himHZaKZT3Dk8lr8Z,KZ,2024-11-11,39,-2,-5
0Wq7dV7Oi0cGJQ2xG1qdux,KZ,2024-11-11,40,6,-11
0io16MKpbeDIdYzmGpQaES,KZ,2024-11-11,41,-3,0
1PXDJHodzKG2oBgWONv1By,KZ,2024-11-11,42,8,6
3lGZacMj3bajDJ0TL1KqGx,KZ,2024-11-11,43,1,7
3b1csq4T7y11X9WSAweCB4,KZ,2024-11-11,44,1,-7
2dWJ5xYr3QqcOeSuatbdzg,KZ,2024-11-11,45,5,5
0hI4TphLTs4ar0mQ8t0dLf,KZ,2024-11-11,46,4,4
7swhbSGivOfNLT75O2P1lz,KZ,2024-11-11,47,-7,-3
7biChppM3c8q7qcVl7ceb2,KZ,2024-11-11,48,-5,2
0aKl63MnUIVKkXlVtp2vLr,KZ,2024-11-11,49,1,1
6z3RBRZVdV34ZjFKgjmDXA,KZ,2024-11-11,50,-3,-18
7tI8dRuH2Yc6RuoTjxo4dU,KR,2024-11-11,1,0,0
5vNRhkKd0yEAg8suGBpjeY,KR,2024-11-11,2,0,0
3coRPMnFg2dJcPu5RMloa9,KR,2024-11-11,3,0,47
3LWVXp636uLT356Rj08Jaz,KR,2024-11-11,4,0,1
2HRgqmZQC0MC7GeNuDIXHN,KR,2024-11-11,5,0,1
4XsJiRJQAK8TWcZCn0Dxlh,KR,2024-11-11,6,0,-3
5sjnkOfTLCLNfkkchI2re2,KR,2024-11-11,7,0,0
1k68vKHNQXU5CHqcM7Yp7N,KR,2024-11-11,8,0,1
01qFKNWq73UfEslI0GvumE,KR,2024-11-11,9,3,6
2CspwnypzT7rcWI9RfsoSb,KR,2024-11-11,10,-1,-2
1agDCV4zQqaFwJQNsTgmL1,KR,2024-11-11,11,0,1
2KslE17cAJNHTsI2MI0jb2,KR,2024-11-11,12,-2,1
198zDKzyktXRG1PGpidY9h,KR,2024-11-11,13,1,37
21LtZQQMQYwVIxc9O9Ygq8,KR,2024-11-11,14,-1,-4
2plbrEY59IikOBgBGLjaoe,KR,2024-11-11,15,0,-1
2DbDefRFJ5YOfXCKOeCJJh,KR,2024-11-11,16,1,9
6oNLSQX8bcAdbCElZYju3v,KR,2024-11-11,17,5,1
2Qcbspnftnon37jibwyvMU,KR,2024-11-11,18,0,-7
6qafqn8bBMy7t5c5WqpyRk,KR,2024-11-11,19,-3,-3
3d2bsbugow8JiNvuaRupFH,KR,2024-11-11,20,0,0
5lKnZbdGCBViitE1Ce5TZh,KR,2024-11-11,21,2,29
5ocSQW5sIUIOFojwXEz9Ki,KR,2024-11-11,22,4,2
1lTBkwEm0wim9RsMXqtqWy,KR,2024-11-11,23,1,-2
7gMfVc4zfNIxuMyMGglOHa,KR,2024-11-11,24,-3,-2
2N0SPREDYqILVEFSsWF5N5,KR,2024-11-11,25,3,11
3Ua0m0YmEjrMi9XErKcNiR,KR,2024-11-11,26,-7,-3
1aKvZDoLGkNMxoRYgkckZG,KR,2024-11-11,27,0,-1
4gxEY3Mh5FZZDAJAKPNrCS,KR,2024-11-11,28,-3,-11
18x0Z8JUwLA2LhgsIHbNy3,KR,2024-11-11,29,4,-2
38tXZcL1gZRfbqfOG0VMTH,KR,2024-11-11,30,1,-2
4b2fMv44GAYpsDSK4ihbsI,KR,2024-11-11,31,-1,19
45zLrK0668WQ5JFMyiYmCS,KR,2024-11-11,32,-3,-1
6je5cTal6PyeITNrOzkCoS,KR,2024-11-11,33,2,-3
6dOtVTDdiauQNBQEDOtlAB,KR,2024-11-11,34,-2,-5
5LrN7yUQAzvthd4QujgPFr,KR,2024-11-11,35,-1,15
0hqj5JBnFt1BHEz2UCFwrl,KR,2024-11-11,36,4,-2
3FR2yqZsG07NhXz7uPyUyC,KR,2024-11-11,37,12,4
3vnaEaDxMKdBhqA1t0uAwl,KR,2024-11-11,38,0,6
6aJn7Cst74cj4lNIiPRgav,KR,2024-11-11,39,9,-4
2PlsVMcOn6ujc2UEYs2Yat,KR,2024-11-11,40,-1,5
1MC8JLPV4fbvVBqvGSLoDf,KR,2024-11-11,41,-4,-2
10I5rhhFoWZDIN3kEc6Dbo,KR,2024-11-11,42,-6,-2
4WUpMUjdoi47LY7gBQBXe3,KR,2024-11-11,43,3,7
0T6J3Ipbe06lm7p3grH2bg,KR,2024-11-11,44,-2,-6
0KKkJNfGyhkQ5aFogxQAPU,KR,2024-11-11,45,5,5
1ySWoGgrduSzvtJ3PUzO41,KR,2024-11-11,46,-5,-4
21ewxM3YvcdTj7cC0XwznO,KR,2024-11-11,47,0,2
1Px44tw80Q4rcCl8FxDGOi,KR,2024-11-11,48,-5,-1
2isRbZIIU4PqPrECffn7QO,KR,2024-11-11,49,-4,-1
7KZNgri6Jxw88FAfATw6i9,KR,2024-11-11,50,-6,-4
5vNRhkKd0yEAg8suGBpjeY,JP,2024-11-11,1,0,0
78W4mTLIh4qoLu92W4IQhO,JP,2024-11-11,2,2,1
5skCbGGAnc7Ns18Figz54h,JP,2024-11-11,3,-1,-1
6KYOlIwDHbrbeBbJEtQ0Fj,JP,2024-11-11,4,-1,0
7tI8dRuH2Yc6RuoTjxo4dU,JP,2024-11-11,5,0,0
4PCQHOJFMV9BWq46UMVf2l,JP,2024-11-11,6,0,0
0teqQ0PYqVDyyXJuPOyMhu,JP,2024-11-11,7,2,1
2dcUJfnd2BAKS7jUSdlmmO,JP,2024-11-11,8,0,42
3coRPMnFg2dJcPu5RMloa9,JP,2024-11-11,9,41,-2
2cupzYHOSLmMqDHRVQfI9j,JP,2024-11-11,10,0,0
3QIAwtEEDOrv0g5NKCGrXZ,JP,2024-11-11,11,0,3
0kdqcbwei4MDWFEX5f33yG,JP,2024-11-11,12,0,0
5BC6kr6etk2Y9J62AyI4i3,JP,2024-11-11,13,0,-2
6woV8uWxn7rcLZxJKYruS1,JP,2024-11-11,14,1,1
5LkmpgQYtwHtuvASgnLBe1,JP,2024-11-11,15,35,35
0voOaunLYYqPHrsgXbFVlW,JP,2024-11-11,16,0,3
3YML5IHoqWbw9c9vJJvrvM,JP,2024-11-11,17,1,0
7Md0Rk4s9khBtVpSD03bWl,JP,2024-11-11,18,32,32
4dmruTsdHIOjfOIeaFitXK,JP,2024-11-11,19,-2,-6
5LclntckGFFGFUVGJk9Z4x,JP,2024-11-11,20,-1,0
2jdbZGFp8KVTuk0YxDNL4l,JP,2024-11-11,21,4,3
3gQ19Wo6CbBpdHYmt2GVt0,JP,2024-11-11,22,28,28
00GDUNeJd97qjKp2yrx0OC,JP,2024-11-11,23,-2,27
4btYb7Tfjw5bQazC6bQXpl,JP,2024-11-11,24,-4,5
170XOP1T4MvY9TLTgPw07D,JP,2024-11-11,25,3,-3
3RvdkNMcSy71m0aT6UF9Uf,JP,2024-11-11,26,3,2
1nysdCpKAh6yif4JkmoiNy,JP,2024-11-11,27,0,-4
2cxcqKwQtfKq7giphxjzOu,JP,2024-11-11,28,-2,-2
1JdUw14vtWg9Vt4aRfHqwl,JP,2024-11-11,29,-5,-4
7rA2RuTx1dHadrZcoKh8O9,JP,2024-11-11,30,0,-3
4gxEY3Mh5FZZDAJAKPNrCS,JP,2024-11-11,31,1,0
4FMz2RFrbDGzJO7K4D0vS3,JP,2024-11-11,32,2,13
2vt1UH1cjwwDFCeo7qS5VN,JP,2024-11-11,33,2,-3
1hAloWiinXLPQUJxrJReb1,JP,2024-11-11,34,3,-2
2Qcbspnftnon37jibwyvMU,JP,2024-11-11,35,-2,5
1aKvZDoLGkNMxoRYgkckZG,JP,2024-11-11,36,2,0
0Gl9pXfGTU8eAnEbcka6AV,JP,2024-11-11,37,-6,13
3ECvJ97WjbbaTsCZ64pwgI,JP,2024-11-11,38,3,0
2vOAHp8PBBFYqvQUWSoITY,JP,2024-11-11,39,7,-5
3FzRKDirkUsApk11WEz1wz,JP,2024-11-11,40,-4,-5
7ugSlmtBWNMAgTpdvBPcIh,JP,2024-11-11,41,-1,-8
7gJD9BarjoFwL2BNQ0rpWT,JP,2024-11-11,42,0,-1
52ItXyP098zb8OR4na4iQk,JP,2024-11-11,43,-4,0
0JcI7OdALbpSFkyKoufRYs,JP,2024-11-11,44,-1,0
4cPwi7lcWxRQNEb4xC77fC,JP,2024-11-11,45,-1,1
2HRgqmZQC0MC7GeNuDIXHN,JP,2024-11-11,46,-1,2
0tnhoHUrHfcLi9hPknUFZ4,JP,2024-11-11,47,2,0
1As0ovp1JGYw6QD9gSvDi2,JP,2024-11-11,48,0,-6
21LtZQQMQYwVIxc9O9Ygq8,JP,2024-11-11,49,-2,-10
7o0TPSw494RG2Q4iWmd1v6,JP,2024-11-11,50,0,-1
3yFgWoossjlaJ919XDCG4C,IT,2024-11-11,1,0,0
5nFyfjGy6AMZqkW0OMUWJJ,IT,2024-11-11,2,0,0
1QcmAp6Ev2HuYxKujUwnw0,IT,2024-11-11,3,1,2
1tse93p9ApWJtMGYRxCKNm,IT,2024-11-11,4,-1,3
2gI2IA7QGtzKZKuahon3W1,IT,2024-11-11,5,0,3
7heTgNdtbRD4n0Vg8rGYXo,IT,2024-11-11,6,0,0
4X4R6qsIicxIQIFbnDcJLO,IT,2024-11-11,7,0,29
7sj9VfVtmcEZBDbRAsVXWY,IT,2024-11-11,8,2,-4
4iD0Ohz6dx6ii0zTglaBMn,IT,2024-11-11,9,0,2
5EeDZPNPIjEtEZsHMkX1m7,IT,2024-11-11,10,-2,-7
6WatFBLVB0x077xWeoVc2k,IT,2024-11-11,11,1,-1
1nLGeFQuY7PFxrou3ezEvP,IT,2024-11-11,12,1,-3
5lTTuESHokJHpSsEvvSR64,IT,2024-11-11,13,1,4
1IkzT4wzFJRbFOmKOSqTen,IT,2024-11-11,14,2,0
6OCnAtM8oa0JymErlTYXxG,IT,2024-11-11,15,0,-3
5HWWpSsNnlc2Kyh5QLrq1W,IT,2024-11-11,16,3,4
2ceJa7d62wQ3eRBK589ALG,IT,2024-11-11,17,3,1
1ej2NcW0CHnscPp1RZpr1V,IT,2024-11-11,18,0,-2
19DHPlTC2gx1j4jrFzNbwL,IT,2024-11-11,19,6,0
75Y6WgUldQN8mipAVLy8KJ,IT,2024-11-11,20,1,15
1GVDt0vn0wJ1QemPfMEWTU,IT,2024-11-11,21,2,3
2plbrEY59IikOBgBGLjaoe,IT,2024-11-11,22,2,4
3PDMXI7XWkuPOxZ1uNB5O7,IT,2024-11-11,23,-1,-10
2fwe8oxvNUUvvEDAth54jN,IT,2024-11-11,24,-13,26
3zjwZqLebYTDvRS2RJH5Be,IT,2024-11-11,25,14,0
5Tte5M4saQ25z2ZI83wgYU,IT,2024-11-11,26,5,1
5LDmD4cFF0C8BCf3tVvyBW,IT,2024-11-11,27,3,10
1CJNj8Qnpoz6lyil9EgqfE,IT,2024-11-11,28,1,-7
0U2mw5WWH5LmeqHl59uWUh,IT,2024-11-11,29,4,9
2ljA7TjCL9U0UO7P9alF0B,IT,2024-11-11,30,8,3
4CNfC20TImtjdwN3dG0uCF,IT,2024-11-11,31,-3,0
0mEyPi2ya8h8632gp9XmmQ,IT,2024-11-11,32,-5,-10
1yZIX0bRGjVH6CqyUW8Dkw,IT,2024-11-11,33,-1,-5
00URgxWgyVoybGLhhmKr7g,IT,2024-11-11,34,6,16
4ZRVI6xwgbjgW5SgJB468n,IT,2024-11-11,35,13,5
42wdz3j7gstgUuhoFLCXqd,IT,2024-11-11,36,6,5
7kS2AVRk5Yj6BTj8PyJFfC,IT,2024-11-11,37,-2,-8
2zASmTrt3BKblrAwVfcqfZ,IT,2024-11-11,38,-2,-23
1A1xTBtNnJ09JNINiLjdOK,IT,2024-11-11,39,-5,11
0liQcHfCU5zKeSEdIYfGIP,IT,2024-11-11,40,-14,10
4kDi7X5sgqF0aM74aPBWSc,IT,2024-11-11,41,5,9
7Isi6whc5DD6A5wH5nqyUw,IT,2024-11-11,42,7,8
3EJSUFQGUaTm4Km2Zri1Zp,IT,2024-11-11,43,2,-4
3o9OeBX0vgh51r15Ta7Dok,IT,2024-11-11,44,-7,6
5oJVfPUHsD7A8bZtKVqgL2,IT,2024-11-11,45,5,-3
2wpSLqGcN5KXVeAGdAnQd0,IT,2024-11-11,46,4,4
0xGQTpN4ESETtl1Sp6rzd2,IT,2024-11-11,47,-3,-13
5JgTIfS7FfSE9tuebzX8HC,IT,2024-11-11,48,2,-1
5omIW7YOPhA6CULhkdz6jE,IT,2024-11-11,49,1,1
3ppXueOTvYpYp7zQUbuIKh,IT,2024-11-11,50,0,-2
6dqtXAD7TqlhZVroaUigVC,IS,2024-11-11,1,7,3
2plbrEY59IikOBgBGLjaoe,IS,2024-11-11,2,5,4
0q2TiBDwdGZ4B8g3M7dNuO,IS,2024-11-11,3,11,4
6BSGXVXtz8EMyyoSMcA1z8,IS,2024-11-11,4,1,1
3ovhC4v5a73S0afcOHhnu2,IS,2024-11-11,5,7,3
1N2F5D3sdjY3Ud8QnsnaRu,IS,2024-11-11,6,-5,44
7qG2vQ0m5YmuyavrpMZM7Q,IS,2024-11-11,7,-1,43
6dOtVTDdiauQNBQEDOtlAB,IS,2024-11-11,8,3,2
3S2NE1lNouet4BZ08Hvtfu,IS,2024-11-11,9,-7,41
64G6LcehgioFPs03gzbIv0,IS,2024-11-11,10,5,3
2262bWmqomIaJXwCRHr13j,IS,2024-11-11,11,5,7
1l2AHO7bb47QGFKJmXhXMz,IS,2024-11-11,12,8,2
0Xh9sOCT7ZvmKg8KthRYnH,IS,2024-11-11,13,8,2
772zLk7t71VRdi5BrRis0G,IS,2024-11-11,14,-11,36
1Es7AUAhQvapIcoh3qMKDL,IS,2024-11-11,15,3,4
5MPSXBThHiBgnxIj8R7mZy,IS,2024-11-11,16,-12,34
5myQVDBhZvE7DIvsQICuKn,IS,2024-11-11,17,5,-1
7uimUbWqPGvuwzelOsBSAD,IS,2024-11-11,18,1,-9
5vNRhkKd0yEAg8suGBpjeY,IS,2024-11-11,19,7,10
1MWg9aH6OhteqF1RXR3J5w,IS,2024-11-11,20,9,-3
5pn6OskYybJrrqcdlNpBvk,IS,2024-11-11,21,11,1
0bYg9bo50gSsH3LtXe2SQn,IS,2024-11-11,22,22,28
7yrXhrDYVS95g4MaTpfccn,IS,2024-11-11,23,25,7
17phhZDn6oGtzMe56NuWvj,IS,2024-11-11,24,1,4
7ne4VBA60CxGM75vw0EYad,IS,2024-11-11,25,-1,25
0RT86wBrufYQZSdN852Wjn,IS,2024-11-11,26,9,-5
1ZzSy8HeLFZAeuQi577bhB,IS,2024-11-11,27,11,-4
0anpZWVGOxY1KTM0z5U8qS,IS,2024-11-11,28,15,5
3KF2ggQWnAJV5QyK0PbJu3,IS,2024-11-11,29,17,3
0OyKC3lEfhI2o2XQIB1X8J,IS,2024-11-11,30,-21,20
4eY7MzP4tvfsExJx7KxFwh,IS,2024-11-11,31,-8,-20
7nzeIh8kUdieUBLPXch9wi,IS,2024-11-11,32,9,-8
3QaPy1KgI7nu9FJEQUgn6h,IS,2024-11-11,33,-6,17
5G2f63n7IPVPPjfNIGih7Q,IS,2024-11-11,34,2,5
1qIEu0g7jbL4KhZbjTeVW9,IS,2024-11-11,35,2,-9
7lkmM35NVQAbvEwkpneg1I,IS,2024-11-11,36,-26,14
0WbMK4wrZ1wFSty9F7FCgu,IS,2024-11-11,37,2,13
2HRqTpkrJO5ggZyyK6NPWz,IS,2024-11-11,38,4,0
3xkHsmpQCBMytMJNiDf3Ii,IS,2024-11-11,39,-5,7
2q2cdTPrbgWSxLFFXjjaoO,IS,2024-11-11,40,10,-9
06qMRF18gwbOYYbnP2du6i,IS,2024-11-11,41,9,9
51J0zLsmKb265vmylOJGMr,IS,2024-11-11,42,8,-7
1sgn8wmK2kuJrF9ppsnH2F,IS,2024-11-11,43,7,-9
5TBNZCGMR1NJtJrrg606m0,IS,2024-11-11,44,6,-7
1v1cO9F7VeiPBHW7b2dnPu,IS,2024-11-11,45,-32,5
6Mom66l7hvEsax3kRWQ2yu,IS,2024-11-11,46,-16,-34
2tHwzyyOLoWSFqYNjeVMzj,IS,2024-11-11,47,-7,3
6srY1H4DrPVgvSD1asK0Og,IS,2024-11-11,48,2,-4
7stOLFwEqgpv7LiTiVcAmm,IS,2024-11-11,49,-18,-24
6EkzhwpDmEg0NTf56GpiXg,IS,2024-11-11,50,-33,0
0eCajpR75pDW0r64U6hP2x,IN,2024-11-11,1,0,0
1hlbywc8Jhl1FFqJxAMabE,IN,2024-11-11,2,1,1
4vHRQnzGcKEtqsLH70tAms,IN,2024-11-11,3,-1,2
7EFfeGN5U0zm9C6KpOeNBH,IN,2024-11-11,4,0,46
78BWCd70D1X6LMkDZm1UoF,IN,2024-11-11,5,0,2
1bxzr3JK05fMTcweGAZUHp,IN,2024-11-11,6,0,-2
0TL0LFcwIBF5eX7arDIKxY,IN,2024-11-11,7,0,2
5zCnGtCl5Ac5zlFHXaZmhy,IN,2024-11-11,8,0,2
0hs52k0bAXIBQ2SzGx5mzI,IN,2024-11-11,9,0,41
2TnmSSPkcPdHYYw2Lu84C1,IN,2024-11-11,10,1,40
1dFrZr9eMUsFqeag04ClqD,IN,2024-11-11,11,-1,10
3CA9CjRf7IU2Ukz3GuYInP,IN,2024-11-11,12,3,-4
2Fv2injs4qAm8mJBGaxVKU,IN,2024-11-11,13,-1,0
4XxfOvudrnBRdlgzEaq1sd,IN,2024-11-11,14,0,3
1hA697u7e1jX2XM8sWA6Uy,IN,2024-11-11,15,-2,1
0YQJoDL6f46J0n1rOVkpxJ,IN,2024-11-11,16,0,-2
7r6iwgXcR85d9rfqsuf2Af,IN,2024-11-11,17,0,-5
7eQl3Yqv35ioqUfveKHitE,IN,2024-11-11,18,1,5
4Zx4I7eX7vuq7pHleVcINy,IN,2024-11-11,19,1,31
4wILHvb65fCykx1BuRlvwa,IN,2024-11-11,20,-2,30
1eZefeDb8uOsjvcbl1fJrG,IN,2024-11-11,21,0,-2
1PALLCSlHwAI4upY3sMg8u,IN,2024-11-11,22,4,28
3yHyiUDJdz02FZ6jfUbsmY,IN,2024-11-11,23,-1,4
1WaqQIJ0iENGWZ1QmYvYNK,IN,2024-11-11,24,4,26
0M0ANKNzmM4Odd7FNKghzW,IN,2024-11-11,25,11,4
7yDHHVKLbvDmVw1XXhDDIO,IN,2024-11-11,26,3,-1
0XRb6eZE4dBIJdqwf1Mixu,IN,2024-11-11,27,-3,-3
5ZjWYv5kOH1ywFmv5JjPNd,IN,2024-11-11,28,3,5
1d5lpW3gUyq537iuyrb9Lf,IN,2024-11-11,29,-2,7
3WLJ7D5kh44K5eJ1NqZQ6W,IN,2024-11-11,30,-7,-4
3zSSCPpLZ5Oc8nelhhGjKz,IN,2024-11-11,31,-1,0
6BGZePfo75ysi4IR2jlFR0,IN,2024-11-11,32,-7,18
5npFBWhVs3VVlc0nY5xQMA,IN,2024-11-11,33,2,9
5ZLkihi6DVsHwDL3B8ym1t,IN,2024-11-11,34,3,-4
2GXXZFUxYg2LvG8SR0byOE,IN,2024-11-11,35,3,11
2plbrEY59IikOBgBGLjaoe,IN,2024-11-11,36,6,14
5vNRhkKd0yEAg8suGBpjeY,IN,2024-11-11,37,2,-5
2ceeTJAzKy295Fm0VsaXtE,IN,2024-11-11,38,-4,-3
1WxzZoWBTmB68AtyA6ejBB,IN,2024-11-11,39,-6,11
2PvaburAUlhNHxVhw5lvOq,IN,2024-11-11,40,0,10
69Qzz3yyQSsA0T95jLDoPL,IN,2024-11-11,41,0,-3
5thVzD79BxlDTYy0LfHzvu,IN,2024-11-11,42,1,-8
1r6GbBLdtUK1Vl1IHT14wP,IN,2024-11-11,43,7,7
3xMHXmedL5Rvfxmiar9Ryv,IN,2024-11-11,44,4,-7
5pPyvA03RKSJrAnnDcq0nh,IN,2024-11-11,45,5,5
0MTdYgTZ25sLCO6kVnDoje,IN,2024-11-11,46,4,-5
3ZGJhN4unVspOqpwGvUL2W,IN,2024-11-11,47,0,1
5xlYVZxEwriP6hetG7QJw7,IN,2024-11-11,48,-16,-20
5PUXKVVVQ74C3gl5vKy9Li,IN,2024-11-11,49,1,-9
36N5awamOX6XX5pQn3aFXZ,IN,2024-11-11,50,0,0
78FrkrO3KgizjXDObyFvzW,IL,2024-11-11,1,1,0
3CZdlwKHGTvfveatbfKD3q,IL,2024-11-11,2,-1,1
1ChZJDdEU5tR4ZrLeuDh5u,IL,2024-11-11,3,0,-1
5nYFRLTLrqiETyy6LUPfhQ,IL,2024-11-11,4,0,0
4L5Uj4Dt6rjFL0H7hl2qHF,IL,2024-11-11,5,3,2
3FihyZ7YA7vrNiSUfWww10,IL,2024-11-11,6,-1,-1
34KzX8fwFPLchmOvYBDap0,IL,2024-11-11,7,0,1
40i7ilG9ltStXi09E5m32E,IL,2024-11-11,8,-2,-2
2plbrEY59IikOBgBGLjaoe,IL,2024-11-11,9,0,0
7AlqKFiOM5X7nJdtbwvsi6,IL,2024-11-11,10,1,0
6qB33ch9RK0aoMfxfnlXa1,IL,2024-11-11,11,-1,1
1hLd6flq2cPLvH2Xraimbu,IL,2024-11-11,12,1,4
77oczEZHFyfbx5GFlIrfNk,IL,2024-11-11,13,1,0
4DKH1iLhp007TVLURYtmeC,IL,2024-11-11,14,3,0
7hBNxod1lDW2HKu9wlBUp5,IL,2024-11-11,15,0,3
0D9A15ZzO3VzLIYqOfm6QB,IL,2024-11-11,16,-4,-5
5vNRhkKd0yEAg8suGBpjeY,IL,2024-11-11,17,-1,4
0Wr6wZgEP1npYg0vrsWPIZ,IL,2024-11-11,18,0,-1
6JnLTSjPA96Dgg9VCDRf1r,IL,2024-11-11,19,4,5
6dOtVTDdiauQNBQEDOtlAB,IL,2024-11-11,20,1,2
4zXfQYhcSboWEOAwIQST9N,IL,2024-11-11,21,-2,-1
0h8eZd7eqwZISaz9bkj1zV,IL,2024-11-11,22,-2,-7
1Jx6aZyJR985kw8CWUZ15O,IL,2024-11-11,23,2,0
3QaPy1KgI7nu9FJEQUgn6h,IL,2024-11-11,24,10,5
2fewVF6oOGKux69rHGbPMq,IL,2024-11-11,25,-3,1
2yPnlfwQ1AmhHauqQWDlWZ,IL,2024-11-11,26,0,-1
2eauhZzDelRWx1f3PmdaxU,IL,2024-11-11,27,1,-8
68kVzJf0STAv91tuLutuDr,IL,2024-11-11,28,1,17
3xkHsmpQCBMytMJNiDf3Ii,IL,2024-11-11,29,2,1
1jCAwxwhHIrtWzGeF6WfJ7,IL,2024-11-11,30,0,-3
6Xg2Ir8Go9giAzRxW4Jaze,IL,2024-11-11,31,-4,-3
74kYHwU43s49Y5AukKArWQ,IL,2024-11-11,32,3,11
1D8HR389yohrWVZ1yHI2bc,IL,2024-11-11,33,5,7
34aKXUhVdHGTzWOt85RjGq,IL,2024-11-11,34,3,5
17phhZDn6oGtzMe56NuWvj,IL,2024-11-11,35,-2,-2
2HRqTpkrJO5ggZyyK6NPWz,IL,2024-11-11,36,0,-2
4I9NVCnjIRVriXfNE7VhE0,IL,2024-11-11,37,-13,11
5G2f63n7IPVPPjfNIGih7Q,IL,2024-11-11,38,1,-3
2G1o9Mq8KpamOwJPZLuJc7,IL,2024-11-11,39,1,-7
0hdDyhwaJpNW5nsJC3qYPe,IL,2024-11-11,40,4,-3
7ne4VBA60CxGM75vw0EYad,IL,2024-11-11,41,9,9
2ve80cifNREUQiY6g2d6h6,IL,2024-11-11,42,5,8
17Gbwxyhsj0dznw9DSruNC,IL,2024-11-11,43,-2,-12
1saT4tObMScARIwT4wTv0W,IL,2024-11-11,44,1,6
4rQOpu34WFMZFGaoHcO8d0,IL,2024-11-11,45,5,5
4dELL8S6XVMibwBkjJACF1,IL,2024-11-11,46,-4,-5
1BJJbSX6muJVF2AK7uH1x4,IL,2024-11-11,47,-1,-5
2CUwpTA4gOSouCTyRN1vnE,IL,2024-11-11,48,-16,-10
2262bWmqomIaJXwCRHr13j,IL,2024-11-11,49,1,1
1hTth4TFnHWYWiXglQ6bN2,IL,2024-11-11,50,0,0
7ne4VBA60CxGM75vw0EYad,IE,2024-11-11,1,0,0
2262bWmqomIaJXwCRHr13j,IE,2024-11-11,2,0,0
5G2f63n7IPVPPjfNIGih7Q,IE,2024-11-11,3,0,0
51rfRCiUSvxXlCSCfIztBy,IE,2024-11-11,4,0,0
0WbMK4wrZ1wFSty9F7FCgu,IE,2024-11-11,5,0,0
6dOtVTDdiauQNBQEDOtlAB,IE,2024-11-11,6,0,0
2plbrEY59IikOBgBGLjaoe,IE,2024-11-11,7,0,0
4xdBrk0nFZaP54vvZj0yx7,IE,2024-11-11,8,0,0
3xkHsmpQCBMytMJNiDf3Ii,IE,2024-11-11,9,0,1
4ZJ4vzLQekI0WntDbanNC7,IE,2024-11-11,10,0,3
2HRqTpkrJO5ggZyyK6NPWz,IE,2024-11-11,11,1,-2
0mflMxspEfB0VbI1kyLiAv,IE,2024-11-11,12,1,5
5fZJQrFKWQLb7FpJXZ1g7K,IE,2024-11-11,13,3,-2
3wo3d0I5H8KjkwGvnz8WbB,IE,2024-11-11,14,-3,0
3Vr3zh0r7ALn8VLqCiRR10,IE,2024-11-11,15,-1,0
19XpFsce28aByvCC4g89tJ,IE,2024-11-11,16,-1,34
2uqYupMHANxnwgeiXTZXzd,IE,2024-11-11,17,0,1
2tHwzyyOLoWSFqYNjeVMzj,IE,2024-11-11,18,1,-6
4KULAymBBJcPRpk1yO4dOG,IE,2024-11-11,19,-1,3
1bJRd2ey6ER7neSxZwYdAG,IE,2024-11-11,20,0,-1
1k2pQc5i348DCHwbn5KTdc,IE,2024-11-11,21,0,11
5vNRhkKd0yEAg8suGBpjeY,IE,2024-11-11,22,1,5
17phhZDn6oGtzMe56NuWvj,IE,2024-11-11,23,-1,2
5wbg8kepMFoMzHOEuxiI0q,IE,2024-11-11,24,0,9
5IZXB5IKAD2qlvTPJYDCFB,IE,2024-11-11,25,0,-1
3Pbp7cUCx4d3OAkZSCoNvn,IE,2024-11-11,26,0,-3
1UHS8Rf6h5Ar3CDWRd3wjF,IE,2024-11-11,27,0,-6
3WMj8moIAXJhHsyLaqIIHI,IE,2024-11-11,28,1,7
0rtDE9zfXbamTlRUSwY7zy,IE,2024-11-11,29,3,-1
3QaPy1KgI7nu9FJEQUgn6h,IE,2024-11-11,30,4,14
4nyF5lmSziBAt7ESAUjpbx,IE,2024-11-11,31,-1,10
6Qyc6fS4DsZjB2mRW9DsQs,IE,2024-11-11,32,-1,15
6MzofobZt2dm0Kf1hTThFz,IE,2024-11-11,33,-5,-4
3AJwUDP919kvQ9QcozQPxg,IE,2024-11-11,34,5,0
3dj4wgM3cPeuLwMNHDuBon,IE,2024-11-11,35,1,4
3nHuKdFJZm78CoeBnDcFKe,IE,2024-11-11,36,1,14
0bYg9bo50gSsH3LtXe2SQn,IE,2024-11-11,37,13,6
51eSHglvG1RJXtL3qI5trr,IE,2024-11-11,38,-5,-8
5JiU3gLHz9AvUnrhXgOmos,IE,2024-11-11,39,-1,11
06qMRF18gwbOYYbnP2du6i,IE,2024-11-11,40,10,10
5iJKGpnFfvbjZJeAtwXfCj,IE,2024-11-11,41,-1,5
59NraMJsLaMCVtwXTSia8i,IE,2024-11-11,42,-1,-6
21B4gaTWnTkuSh77iWEXdS,IE,2024-11-11,43,0,-6
0IsIY8pfu1yaGkPUD7pkDx,IE,2024-11-11,44,1,1
6me7F0aaZjwDo6RJ5MrfBD,IE,2024-11-11,45,-1,5
2uXlHCUbq9OMUwx3hrk06o,IE,2024-11-11,46,3,-15
5RKQ5NdjSh2QzD4MaunT91,IE,2024-11-11,47,3,2
4nVBt6MZDDP6tRVdQTgxJg,IE,2024-11-11,48,0,-10
1QoyuMHNBe7lg3YW4Qtll4,IE,2024-11-11,49,-7,-23
1XBYiRV30ykHw5f4wm6qEn,IE,2024-11-11,50,-3,0
2plbrEY59IikOBgBGLjaoe,ID,2024-11-11,1,0,1
7zOVh5fGpEwSbZd0g9z80B,ID,2024-11-11,2,0,1
5vNRhkKd0yEAg8suGBpjeY,ID,2024-11-11,3,0,-2
0PtJbtW50jcvvswNPn3QGd,ID,2024-11-11,4,0,0
7BgFlmOxrL7M1jVGoxqy37,ID,2024-11-11,5,0,0
2gcMYiZzzmzoF8PPAfL3IO,ID,2024-11-11,6,0,0
6wj06az0WX7fClA2w319dO,ID,2024-11-11,7,0,1
0daEJMXc3b4ZMTnvtHpuTt,ID,2024-11-11,8,1,1
6cChz3Pak7UtjuVJJRZmCm,ID,2024-11-11,9,1,1
5MIpcd16T59wFeqAChSYwC,ID,2024-11-11,10,2,1
70Wtp9jCA3ZhGAxV0pnwS7,ID,2024-11-11,11,-3,1
1ZPVEo8RfmrEz8YAD5n6rW,ID,2024-11-11,12,1,1
3FwQ3RYYEekzjEeL3jdpUZ,ID,2024-11-11,13,1,4
2JqsSFo6HqOxnmxBtHfNY6,ID,2024-11-11,14,-3,-7
6dOtVTDdiauQNBQEDOtlAB,ID,2024-11-11,15,0,-1
4GUphFvzqaCHPDkS2VDn2I,ID,2024-11-11,16,1,11
0UFYW8XaNvO6K8yZLMHPkB,ID,2024-11-11,17,-1,1
5KYUrBgdbIcqwaGSIgfXPl,ID,2024-11-11,18,0,-2
1csKczcJqOSdK8JriLMpDW,ID,2024-11-11,19,3,3
25M9piWxSsq0xLcjQW5yz6,ID,2024-11-11,20,-1,0
6xeqCawPZngDVqw2W2aGaR,ID,2024-11-11,21,3,10
26cvTWJq2E1QqN4jyH2OTU,ID,2024-11-11,22,3,1
630DpnzdfjdVqv2yLfPbAX,ID,2024-11-11,23,-3,3
0pmyq5KBXP3agRdxl1SZXx,ID,2024-11-11,24,4,5
5NmjnghJGJRFg34KGGx8O0,ID,2024-11-11,25,2,-1
6Hii26x3qDErVitnGW8QtO,ID,2024-11-11,26,-5,-11
2wAiFWjRupWmnDkQcu91MF,ID,2024-11-11,27,-4,-8
5eBk8ZXcd0pb0AO4a5PpOg,ID,2024-11-11,28,-2,-7
6AyBbSvcR2ZwTeR30I4jb9,ID,2024-11-11,29,1,6
6i9Ci0IN1q1GcnhdbKU7kZ,ID,2024-11-11,30,2,3
6Npkwd5gv61SR6QZbTyNf9,ID,2024-11-11,31,0,3
6zrnrcry6OHVFo3EDt6PYa,ID,2024-11-11,32,3,4
5l3jhWIfRg1FeKgw7R1jWb,ID,2024-11-11,33,0,-3
4GfK1qOF3uBWidbPlTCQRL,ID,2024-11-11,34,-5,6
2dIBMHByUGcNPzmYBJ6OAj,ID,2024-11-11,35,-1,7
3aClK9EBpl7QeYEuOq1eMI,ID,2024-11-11,36,1,2
1mruWrUwAVe2XkksUQiaHK,ID,2024-11-11,37,-1,0
5bY4g7cLyasuuhthJ7Mdlh,ID,2024-11-11,38,1,-6
6XKEElbr3cWmnUw6a5HRBV,ID,2024-11-11,39,-1,0
4Gmkqn3V7IMTkOmmiX7cbb,ID,2024-11-11,40,5,10
2sD709AK9zRN6SKUmDhGEa,ID,2024-11-11,41,8,7
3y8RcMPYG22fRnrOi4oFJ1,ID,2024-11-11,42,5,-17
0qjuyXWrksQxIRntqz9ZJV,ID,2024-11-11,43,5,2
6mQLN3zRtAp6ovjusyYKrV,ID,2024-11-11,44,-3,6
1AoBdDIOp6RFjAbzcPbWi8,ID,2024-11-11,45,-2,4
32Pdf9eyXDEMoClEJW6yYP,ID,2024-11-11,46,-2,0
4xmSDYn5n9Gu6mH6FSJDhf,ID,2024-11-11,47,-7,-4
3yDRcs0Y4pPzkvMbUfeF9H,ID,2024-11-11,48,-6,-7
0fiKmieZ6xzoolzNOC3Fxi,ID,2024-11-11,49,1,-2
